<?xml version="1.0" encoding="UTF-8"?>
<DataValues>
	<Record>
		<operation>添加:-:插入:-:复制:-:导入:-:删除:-:修改:-:批量修改:-:查询:-:统计:-:审计:-:选择</operation>
		<description>人事管理员负责管理：与项目信息有关的数据角色、用户及其权限。</description>
		<system_role>人事管理员</system_role>
		<data>数据用户权限:-:用户:-:数据角色:-:数据角色权限</data>
		<title>人事管理员的特权</title>
	</Record>
	<Record>
		<operation>修改</operation>
		<description>允许用户修改自己的信息。</description>
		<system_role>一般用户</system_role>
		<data>用户</data>
		<title>一般用户修改自己资料</title>
		<condition>id:v:h-v:h:_self</condition>
	</Record>
	<Record>
		<operation>审计</operation>
		<description>允许所有用户查阅项目信息的所有维护过程。即项目管理是全程透明的。</description>
		<system_role>一般用户</system_role>
		<data>更动申请:-:检查项:-:检查结果:-:代码登记:-:代码评审:-:数据采集:-:偏差处理:-:文档登记:-:文档评审:-:不合格项:-:通知:-:会议纪要:-:问题报告:-:项目:-:项目角色:-:项目阶段:-:项目任务:-:风险分析:-:共享资源:-:软件需求:-:测试过程:-:测试需求:-:测试结果:-:工作周报:-:工作日志</data>
		<title>一般用户审计数据</title>
	</Record>
	<Record>
		<operation>导入:-:删除:-:查询:-:统计:-:审计:-:选择</operation>
		<description>允许审计管理员处理审计记录。</description>
		<system_role>审计管理员</system_role>
		<data>数据审计</data>
		<title>审计管理员维护审计记录</title>
	</Record>
	<Record>
		<operation>查询:-:统计:-:选择</operation>
		<description>允许所有用户查询审计记录</description>
		<system_role>一般用户</system_role>
		<data>数据审计</data>
		<title>一般用户查询统计审计记录</title>
	</Record>
	<Record>
		<operation>查询:-:选择</operation>
		<system_role>一般用户</system_role>
		<data>数据角色:-:数据角色权限:-:数据用户权限:-:用户</data>
		<title>一般用户查询选择权限数据</title>
	</Record>
	<Record>
		<operation>查询</operation>
		<system_role>一般用户</system_role>
		<data>个人消息</data>
		<title>一般成员的个人消息查询</title>
		<condition>sender:v:h-v:h:_self:m:s-m:s:receiver:v:h-v:h::c:i:d-c:i:d:_self</condition>
	</Record>
	<Record>
		<operation>添加</operation>
		<system_role>一般用户</system_role>
		<data>个人消息</data>
		<title>一般成员的个人消息添加</title>
	</Record>
	<Record>
		<operation>删除</operation>
		<system_role>一般用户</system_role>
		<data>个人消息</data>
		<title>一般成员的个人消息删除</title>
		<condition>receiver:v:h-v:h::c:i:d-c:i:d:_self</condition>
	</Record>
</DataValues>
