<?xml version="1.0" encoding="UTF-8"?>
<DataValues>
	<Record>
		<have_read>否</have_read>
		<sender>玛瑞</sender>
		<content>发现问题，请告诉老婆婆！</content>
		<receiver>玛瑞</receiver>
		<title>欢迎使用SEE</title>
		<sent_time>2004年12月23日 下午09时35分31秒</sent_time>
		<id>2004年12月23日 下午09时35分31秒-玛瑞</id>
		<attachment>酷:h:p-h:p:cool.gif</attachment>
	</Record>
	<Record>
		<have_read>否</have_read>
		<sender>玛瑞</sender>
		<content>发现问题，请告诉老婆婆！</content>
		<receiver>虫虫</receiver>
		<title>欢迎使用SEE</title>
		<sent_time>2004年12月23日 下午09时35分32秒</sent_time>
		<id>2004年12月23日 下午09时35分32秒-玛瑞</id>
		<attachment>酷:h:p-h:p:cool.gif</attachment>
	</Record>
	<Record>
		<have_read>否</have_read>
		<sender>玛瑞</sender>
		<content>发现问题，请告诉老婆婆！</content>
		<receiver>噜噜</receiver>
		<title>欢迎使用SEE</title>
		<sent_time>2004年12月23日 下午09时35分33秒</sent_time>
		<id>2004年12月23日 下午09时35分33秒-玛瑞</id>
		<attachment>酷:h:p-h:p:cool.gif</attachment>
	</Record>
	<Record>
		<have_read>否</have_read>
		<sender>玛瑞</sender>
		<content>发现问题，请告诉老婆婆！</content>
		<receiver>美美</receiver>
		<title>欢迎使用SEE</title>
		<sent_time>2004年12月23日 下午09时35分34秒</sent_time>
		<id>2004年12月23日 下午09时35分34秒-玛瑞</id>
		<attachment>酷:h:p-h:p:cool.gif</attachment>
	</Record>
	<Record>
		<have_read>否</have_read>
		<sender>玛瑞</sender>
		<content>发现问题，请告诉老婆婆！</content>
		<receiver>超级管理员</receiver>
		<title>欢迎使用SEE</title>
		<sent_time>2004年12月23日 下午09时35分35秒</sent_time>
		<id>2004年12月23日 下午09时35分35秒-玛瑞</id>
		<attachment>酷:h:p-h:p:cool.gif</attachment>
	</Record>
</DataValues>
