<?xml version="1.0" encoding="UTF-8"?>
<DataValues>
	<Record>
		<last_changed_person>超级管理员</last_changed_person>
		<configuration_code>WW-</configuration_code>
		<last_changed_time>2004年9月22日 下午04时05分01秒</last_changed_time>
		<commit_person>超级管理员</commit_person>
		<commit_time>2004年9月22日 下午03时51分50秒</commit_time>
	</Record>
	<Record>
		<last_changed_person>超级管理员</last_changed_person>
		<configuration_code>WW-er</configuration_code>
		<last_changed_time>2004年9月22日 下午04时05分10秒</last_changed_time>
		<commit_person>超级管理员</commit_person>
		<commit_time>2004年9月22日 下午03时52分31秒</commit_time>
	</Record>
	<Record>
		<last_changed_person>超级管理员</last_changed_person>
		<configuration_code>WW-erer</configuration_code>
		<last_changed_time>2004年9月22日 下午04时05分16秒</last_changed_time>
		<commit_person>超级管理员</commit_person>
		<commit_time>2004年9月22日 下午03时53分25秒</commit_time>
	</Record>
	<Record>
		<last_changed_person>超级管理员</last_changed_person>
		<configuration_code>WW-ww</configuration_code>
		<last_changed_time>2004年9月22日 下午04时05分22秒</last_changed_time>
		<commit_person>超级管理员</commit_person>
		<commit_time>2004年9月22日 下午03时54分47秒</commit_time>
	</Record>
	<Record>
		<last_changed_person>超级管理员</last_changed_person>
		<configuration_code>WW-weww</configuration_code>
		<last_changed_time>2004年9月22日 下午04时05分31秒</last_changed_time>
		<commit_person>超级管理员</commit_person>
		<commit_time>2004年9月22日 下午03时55分21秒</commit_time>
	</Record>
	<Record>
		<last_changed_person>超级管理员</last_changed_person>
		<configuration_code>WW-sfd</configuration_code>
		<last_changed_time>2004年9月22日 下午04时05分37秒</last_changed_time>
		<commit_person>超级管理员</commit_person>
		<commit_time>2004年9月22日 下午03时55分47秒</commit_time>
	</Record>
	<Record>
		<last_changed_person>超级管理员</last_changed_person>
		<configuration_code>WW-wwww</configuration_code>
		<last_changed_time>2004年9月22日 下午04时05分43秒</last_changed_time>
		<commit_person>超级管理员</commit_person>
		<commit_time>2004年9月22日 下午03时56分14秒</commit_time>
	</Record>
	<Record>
		<last_changed_person>超级管理员</last_changed_person>
		<configuration_code>WWwew-</configuration_code>
		<last_changed_time>2004年9月22日 下午04时05分50秒</last_changed_time>
		<commit_person>超级管理员</commit_person>
		<commit_time>2004年9月22日 下午03时57分17秒</commit_time>
	</Record>
	<Record>
		<last_changed_person>超级管理员</last_changed_person>
		<configuration_code>WW-fgf</configuration_code>
		<last_changed_time>2004年9月22日 下午04时06分02秒</last_changed_time>
		<commit_person>超级管理员</commit_person>
		<commit_time>2004年9月22日 下午03时57分46秒</commit_time>
	</Record>
	<Record>
		<last_changed_person>超级管理员</last_changed_person>
		<configuration_code>WW-ghgh</configuration_code>
		<last_changed_time>2004年9月22日 下午04时06分09秒</last_changed_time>
		<commit_person>超级管理员</commit_person>
		<commit_time>2004年9月22日 下午03时58分35秒</commit_time>
	</Record>
	<Record>
		<last_changed_person>超级管理员</last_changed_person>
		<configuration_code>WW-ghghfgg</configuration_code>
		<last_changed_time>2004年9月22日 下午04时06分14秒</last_changed_time>
		<commit_person>超级管理员</commit_person>
		<commit_time>2004年9月22日 下午03时59分20秒</commit_time>
	</Record>
</DataValues>
