<?xml version="1.0" encoding="UTF-8"?>
<DataValues>
	<Record>
		<operation>导入:-:删除:-:批量修改</operation>
		<data_role>数据管理员</data_role>
		<description>数据管理员可以删除与项目相关的所有信息</description>
		<data>更动申请:-:检查项:-:检查结果:-:代码登记:-:代码评审:-:数据采集:-:偏差处理:-:文档登记:-:文档评审:-:不合格项:-:通知:-:会议纪要:-:问题报告:-:项目:-:项目角色:-:项目阶段:-:项目任务:-:风险分析:-:共享资源:-:软件需求:-:测试过程:-:测试需求:-:测试结果:-:工作周报:-:工作日志</data>
		<title>数据管理员特权</title>
	</Record>
	<Record>
		<operation>添加:-:插入:-:复制:-:修改:-:查询:-:统计:-:选择</operation>
		<data_role>一般成员</data_role>
		<description>除了删除，所有成员可以任意处理任意项目信息。:r:t-r:t:不必担心有人“捣乱”，因为任何人所有的操作均会被审计记录下来。</description>
		<data>更动申请:-:检查项:-:检查结果:-:代码登记:-:代码评审:-:数据采集:-:偏差处理:-:文档登记:-:文档评审:-:不合格项:-:通知:-:会议纪要:-:问题报告:-:项目:-:项目角色:-:项目阶段:-:项目任务:-:风险分析:-:共享资源:-:软件需求:-:测试过程:-:测试需求:-:测试结果:-:工作周报:-:工作日志</data>
		<title>一般成员的数据处理</title>
	</Record>
</DataValues>
