<?xml version="1.0" encoding="UTF-8"?>
<DataValues>   
	<Record>
		<last_changed_time>2004年7月9日 下午03时43分32秒</last_changed_time>
		<reporter>玛瑞:-::-:</reporter>
		<object>代码</object>
		<status>被否定</status>
		<configuration_code>PR-SEE-000015</configuration_code>
		<last_changed_person>超级管理员</last_changed_person>
		<type>错误</type>
		<commit_time>2004年6月18日 下午05时40分19秒</commit_time>
		<title>特定类型的字段若设为非空或关键字，则会有页面脚本错误！</title>
		<priority>非常高</priority>
		<project>软件工程环境SEE</project> 
		<severity>非常高</severity>
		<description>程序中有一个大bug：对于界面风格、界面方案、数据显示风格、数据审计类型字段，若设为非空或关键字，则会有页面脚本错误！:r:t-r:t:原因是：没有把它们当成选择项来检查。</description>
		<commit_person>超级管理员</commit_person>
		<assigned_to>玛瑞</assigned_to>
	</Record>
	<Record>
		<last_changed_time>2004年7月9日 下午03时42分56秒</last_changed_time>
		<reporter>玛瑞:-::-:</reporter>
		<object>代码</object>
		<status>已修正</status>
		<configuration_code>PR-SEE-000014</configuration_code>
		<last_changed_person>超级管理员</last_changed_person>
		<type>错误</type>
		<commit_time>2004年6月17日 下午03时22分29秒</commit_time>
		<title>在选择界面中，点击选择按钮无效</title>
		<priority>低</priority>
		<project>软件工程环境SEE</project>
		<severity>低</severity>
		<description>这是修改程序后的结果。从脚本上看没有错误。将脚本中select函数改名后，就对了。:r:t-r:t:也许不能使用select作为javascript脚本函数名。但是以前的版本为什么可以？这是一个存疑。</description>
		<commit_person>超级管理员</commit_person>
		<assigned_to>玛瑞</assigned_to>
	</Record>
	<Record>
		<last_changed_time>2004年7月9日 下午03时43分04秒</last_changed_time>
		<reporter>玛瑞:-::-:</reporter>
		<object>代码</object>
		<status>已修正</status>
		<comment>原因：方法返回的参数错误。</comment>
		<configuration_code>PR-SEE-000013</configuration_code>
		<last_changed_person>超级管理员</last_changed_person>
		<type>错误</type>
		<commit_time>2004年6月17日 下午03时20分36秒</commit_time>
		<title>在选择界面中，点击数据行，弹出空窗口</title>
		<priority>非常高</priority>
		<project>软件工程环境SEE</project>
		<severity>高</severity>
		<description>在选择界面中，点击数据行，弹出空窗口。:r:t-r:t:本意是要与点击显示按钮一样的效果，即弹出显示数据的窗口。:r:t-r:t::r:t-r:t:</description>
		<commit_person>超级管理员</commit_person>
		<assigned_to>玛瑞</assigned_to>
	</Record>
	<Record>
		<last_changed_time>2004年7月9日 下午03时43分51秒</last_changed_time>
		<reporter>玛瑞:-::-:</reporter>
		<object>代码</object>
		<status>提交</status>
		<configuration_code>PR-SEE-000012</configuration_code>
		<last_changed_person>超级管理员</last_changed_person>
		<type>错误</type>
		<commit_time>2004年6月17日 上午11时34分17秒</commit_time>
		<title>在删除、选择界面中点击显示按钮后，再点击当前页面其它按钮会反应错误！</title>
		<priority>非常高</priority>
		<project>软件工程环境SEE</project>
		<severity>高</severity>
		<description>在删除、选择界面中点击显示按钮后，再点击当前页面其它按钮会反应错误！:r:t-r:t:与PR-SEE-000007的原因一样。需要恢复原来的参数值。:r:t-r:t:</description>
		<commit_person>超级管理员</commit_person>
		<assigned_to>玛瑞</assigned_to>
	</Record>
	<Record>
		<last_changed_time>2004年6月17日 上午11时30分25秒</last_changed_time>
		<reporter>玛瑞:-::-:</reporter>
		<object>代码</object>
		<status>已关闭</status>
		<comment>原因是权限管理里用错了方法，应该用系统语言来解释权限表，而0.01版中是用界面语言来解释了！:r:t-r:t:0.02版已改正。</comment>
		<configuration_code>PR-SEE-000011</configuration_code>
		<last_changed_person>超级管理员</last_changed_person>
		<type>错误</type>
		<commit_time>2004年6月17日 上午11时30分25秒</commit_time>
		<title>hash型数据显示不正确</title>
		<priority>低</priority>
		<project>软件工程环境SEE</project>
		<severity>低</severity>
		<description>hash型数据显示不正确。:r:t-r:t:原因：程序中用错变量。</description>
		<commit_person>超级管理员</commit_person>
		<assigned_to>玛瑞</assigned_to>
	</Record>
	<Record>
		<last_changed_time>2004年7月9日 下午03时43分24秒</last_changed_time>
		<reporter>玛瑞:-::-:</reporter>
		<object>代码</object>
		<status>延迟</status>
		<comment>原因是权限管理里用错了方法，应该用系统语言来解释权限表，而0.01版中是用界面语言来解释了！:r:t-r:t:0.02版已改正。</comment>
		<configuration_code>PR-SEE-000010</configuration_code>
		<last_changed_person>超级管理员</last_changed_person>
		<type>错误</type>
		<commit_time>2004年6月11日 下午05时11分25秒</commit_time>
		<title>非超级管理员，切换界面语言后，不能正常访问功能了</title>
		<priority>非常高</priority>
		<project>软件工程环境SEE</project>
		<severity>非常高</severity>
		<description>非超级管理员，切换界面语言后，不能正常访问功能了</description>
		<commit_person>超级管理员</commit_person>
		<assigned_to>玛瑞</assigned_to>
	</Record>
	<Record>
		<last_changed_time>2004年6月1日 上午10时02分06秒</last_changed_time>
		<reporter>玛瑞:-::-:</reporter>
		<object>代码</object>
		<status>已关闭</status>
		<configuration_code>PR-SEE-000009</configuration_code>
		<last_changed_person>超级管理员</last_changed_person>
		<type>错误</type>
		<commit_time>2004年6月1日 上午10时02分06秒</commit_time>
		<title>调试语句造成速度很慢</title>
		<priority>非常高</priority>
		<project>软件工程环境SEE</project>
		<severity>高</severity>
		<description>数据xml解析中居然在最频繁的character中忘了注释掉调试信息的累积！这会消耗掉多少速度！！:r:t-r:t:现在20000条数据的读取/写入速度不超过1秒。:r:t-r:t:速度与数据量多少几乎没有关系。:r:t-r:t:但如果排序，则数据量对速度的影响是非线性的。5000条约8秒（CPU为1.8G)</description>
		<commit_person>超级管理员</commit_person>
		<assigned_to>玛瑞</assigned_to>
	</Record>
	<Record>
		<last_changed_time>2004年7月9日 下午03时44分13秒</last_changed_time>
		<reporter>玛瑞:-::-:</reporter>
		<object>代码</object>
		<status>已修正</status>
		<configuration_code>PR-SEE-000008</configuration_code>
		<last_changed_person>超级管理员</last_changed_person>
		<type>错误</type>
		<commit_time>2004年5月31日 下午03时54分44秒</commit_time>
		<title>普通用户可以删除或修改超级管理员的显示设置</title>
		<priority>非常高</priority>
		<project>软件工程环境SEE</project>
		<severity>高</severity>
		<description>普通用户可以删除或修改超级管理员的显示设置。这是不允许的！</description>
		<commit_person>超级管理员</commit_person>
		<assigned_to>玛瑞</assigned_to>
	</Record>
	<Record>
		<last_changed_time>2004年7月9日 下午03时46分18秒</last_changed_time>
		<reporter>玛瑞:-::-:</reporter>
		<object>代码</object>
		<status>提交</status>
		<comment>原因：导出按钮在新窗口里显示页面，但它首先改变了当前页面的参数值，因此要让本页面仍然正常工作，就需要恢复原来的参数值。这个问题在所有以post方式打开新页面的脚本中都应注意处理。</comment>
		<configuration_code>PR-SEE-000007</configuration_code>
		<last_changed_person>超级管理员</last_changed_person>
		<type>错误</type>
		<commit_time>2004年5月28日 下午03时24分16秒</commit_time>
		<title>点击导出按钮后，再点击当前页面其它按钮会反应错误！</title>
		<priority>非常低</priority>
		<project>软件工程环境SEE</project>
		<severity>高</severity>
		<description>点击导出按钮后，再点击当前页面其它按钮会反应错误！</description>
		<commit_person>超级管理员</commit_person>
		<assigned_to>玛瑞</assigned_to>
	</Record>
	<Record>
		<last_changed_time>2004年5月31日 下午03时55分31秒</last_changed_time>
		<reporter>玛瑞:-::-:</reporter>
		<object>代码</object>
		<status>已关闭</status>
		<comment>原因是get方式传进来的参数解码不正确，目前不知如何处理这种情况。只能避免使用get方式。</comment>
		<configuration_code>PR-SEE-000006</configuration_code>
		<last_changed_person>超级管理员</last_changed_person>
		<type>错误</type>
		<commit_time>2004年5月16日 上午11时39分51秒</commit_time>
		<title>选择数据的界面中，显示按钮处理结果不对</title>
		<priority>非常高</priority>
		<project>软件工程环境SEE</project>
		<severity>高</severity>
		<description>选择数据的界面中，显示按钮处理结果不对。:r:t-r:t:</description>
		<commit_person>超级管理员</commit_person>
		<assigned_to>玛瑞</assigned_to>
	</Record>
	<Record>
		<last_changed_time>2004年5月14日 下午12时22分06秒</last_changed_time>
		<reporter>yuchao1981</reporter>
		<object>代码</object>
		<status>已关闭</status>
		<comment>根据测试结果发现，写xml几乎不花时间，大量数据写入时连1秒都不用。:r:t-r:t:时间主要消耗在读xml上了，因为程序在读xml时有很多判断、分析，同时还要构造复杂数据结构。:r:t-r:t::r:t-r:t:对于添加操作,确实可以append。如果是修改和删除，就只能覆盖了。:r:t-r:t:添加时，还要判断关键字是否与已有数据重复，因此还不能直接append，而还要全部读入。:r:t-r:t::r:t-r:t:程序中，对于添加后写xml，用的是覆盖，而没有用append，是因为要重用代码的缘故，作者没有为append专门写代码。（不知这算不算懒？）:r:t-r:t::r:t-r:t:还有一个麻烦就是：xml格式要求严格，不可能直接添加数据记录的，因为最后一行怎么办？</comment>
		<configuration_code>PR-SEE-000005</configuration_code>
		<last_changed_person>超级管理员</last_changed_person>
		<type>建议</type>
		<commit_time>2004年5月13日 下午07时24分58秒</commit_time>
		<title>回写到xml文件时是否可以采用append分式呢？</title>
		<priority>非常低</priority>
		<project>软件工程环境SEE</project>
		<severity>低</severity>
		<description>有一个小建议就是在数据回写到xml文件时是否可以采用append分式呢？我觉得你采用是覆盖方式？</description>
		<commit_person>玛瑞</commit_person>
		<assigned_to>玛瑞</assigned_to>
	</Record>
	<Record>
		<last_changed_time>2004年5月11日 下午08时09分09秒</last_changed_time>
		<reporter>Michael Thorpe</reporter>
		<object>文档</object>
		<status>已评审</status>
		<comment>是的，我可怜的英语！:r:t-r:t:作者将努力使下一版的情况好些。她正在努力学习英语，虽然她已经学了那么多年。</comment>
		<configuration_code>PR-SEE-000004</configuration_code>
		<last_changed_person>玛瑞</last_changed_person>
		<type>增强</type>
		<commit_time>2004年5月11日 下午08时09分09秒</commit_time>
		<title>《使用手册》的'安装配置'2.2节中，应设置JAVA_HOME为j2sdk的安装目录</title>
		<priority>中等</priority>
		<project>软件工程环境SEE</project>
		<severity>中等</severity>
		<description>英文手册翻译得不好。</description>
		<commit_person>玛瑞</commit_person>
		<assigned_to>玛瑞</assigned_to>
	</Record>
	<Record>
		<last_changed_time>2004年7月9日 下午03时45分11秒</last_changed_time>
		<reporter>tonypn</reporter>
		<object>代码</object>
		<status>已关闭</status>
		<comment>是的，也许应该在jbuilder的SEE项目中设置一些参数，使SEE能够直接运行。:r:t-r:t:作者没有在jbuilder中运行过SEE，所以以前没有注意这个问题。:r:t-r:t:下一版将改正。:r:t-r:t:感谢tonypn！:r:t-r:t:目前已可以直接在jbuilder7中运行SEE。但是运行情况并不好！还是用ant和tomcat调试比较合理。</comment>
		<configuration_code>PR-SEE-000003</configuration_code>
		<last_changed_person>超级管理员</last_changed_person>
		<type>增强</type>
		<commit_time>2004年5月11日 下午07时53分38秒</commit_time>
		<title>《使用手册》的'安装配置'2.2节中，应设置JAVA_HOME为j2sdk的安装目录</title>
		<priority>中等</priority>
		<project>软件工程环境SEE</project>
		<severity>非常低</severity>
		<description>源码在jbuilder7下不能直接运行!</description>
		<commit_person>玛瑞</commit_person>
		<assigned_to>玛瑞</assigned_to>
	</Record>
	<Record>
		<last_changed_time>2004年7月9日 下午03时45分23秒</last_changed_time>
		<reporter>玛瑞:-::-:</reporter>
		<object>代码</object>
		<status>已关闭</status>
		<comment>下一版需要立即改正！:r:t-r:t:file类型一般作为“附件”存在。比较重要</comment>
		<configuration_code>PR-SEE-000002</configuration_code>
		<last_changed_person>超级管理员</last_changed_person>
		<type>错误</type>
		<commit_time>2004年5月10日 下午07时24分58秒</commit_time>
		<title>文件类型的字段不能正确取值</title>
		<priority>非常高</priority>
		<project>软件工程环境SEE</project>
		<severity>中等</severity>
		<description>对于file类型的字段，目前没有专门处理。即使上传了也没有正确保存文件内容，而是保存了文件路径！</description>
		<commit_person>玛瑞</commit_person>
		<assigned_to>玛瑞</assigned_to>
	</Record>
	<Record>
		<last_changed_time>2004年7月9日 下午03时46分30秒</last_changed_time>
		<reporter>玛瑞:-::-:</reporter>
		<object>文档</object>
		<status>已评审</status>
		<comment>下一版需要立即改正！</comment>
		<configuration_code>PR-SEE-000001</configuration_code>
		<last_changed_person>超级管理员</last_changed_person>
		<type>错误</type>
		<commit_time>2004年5月10日 下午07时22分58秒</commit_time>
		<title>《使用手册》的'安装配置'2.2节中，应设置JAVA_HOME为j2sdk的安装目录</title>
		<priority>高</priority>
		<project>软件工程环境SEE</project>
		<severity>非常高</severity>
		<description>在《使用手册》的'安装配置'2.2节中，应设置JAVA_HOME为j2sdk的安装目录，而不是它的bin子目录。:r:t-r:t:不熟悉java的用户可能因此安装失败！</description>
		<commit_person>玛瑞</commit_person>
		<assigned_to>玛瑞</assigned_to>
	</Record>
	<Record>
		<last_changed_time>2004年7月1日 下午04时58分54秒</last_changed_time>
		<reporter>玛瑞:-::-:</reporter>
		<object>代码</object>
		<status>已关闭</status>
		<configuration_code>PR-SEE-000016</configuration_code>
		<last_changed_person>超级管理员</last_changed_person>
		<type>错误</type>
		<commit_time>2004年7月1日 下午04时58分54秒</commit_time>
		<title>所有用户都可以配置任何信息结构！</title>
		<priority>非常高</priority>
		<project>软件工程环境SEE</project>
		<severity>非常高</severity>
		<description>在0.02版中，任何用户在地址栏里直接输入配置信息结构的地址，就可以修改任何信息结构！:r:t-r:t:原因是：信息结构管理页面没有检查权限！</description>
		<commit_person>超级管理员</commit_person>
		<assigned_to>玛瑞</assigned_to>
	</Record>
	<Record>
		<last_changed_time>2004年7月9日 下午03时47分56秒</last_changed_time>
		<reporter>玛瑞:-::-:</reporter>
		<object>代码</object>
		<status>已修正</status>
		<configuration_code>PR-SEE-000015sd</configuration_code>
		<last_changed_person>超级管理员</last_changed_person>
		<type>错误</type>
		<commit_time>2004年7月9日 下午03时47分56秒</commit_time>
		<title>特定类型的字段若设为非空或关键字，则会有页面脚本错误！</title>
		<priority>非常高</priority>
		<project>软件工程环境SEE</project>
		<severity>中等</severity>
		<description>程序中有一个大bug：对于界面风格、界面方案、数据显示风格、数据审计类型字段，若设为非空或关键字，则会有页面脚本错误！:r:t-r:t:原因是：没有把它们当成选择项来检查。</description>
		<commit_person>超级管理员</commit_person>
		<assigned_to>玛瑞</assigned_to>
	</Record>
	<Record>
		<last_changed_time>2004年7月9日 下午03时48分07秒</last_changed_time>
		<reporter>玛瑞:-::-:</reporter>
		<object>代码</object>
		<status>已修正</status>
		<configuration_code>PR-SEE-000015dfd</configuration_code>
		<last_changed_person>超级管理员</last_changed_person>
		<type>错误</type>
		<commit_time>2004年7月9日 下午03时48分07秒</commit_time>
		<title>特定类型的字段若设为非空或关键字，则会有页面脚本错误！</title>
		<priority>非常高</priority>
		<project>软件工程环境SEE</project>
		<severity>中等</severity>
		<description>程序中有一个大bug：对于界面风格、界面方案、数据显示风格、数据审计类型字段，若设为非空或关键字，则会有页面脚本错误！:r:t-r:t:原因是：没有把它们当成选择项来检查。</description>
		<commit_person>超级管理员</commit_person>
		<assigned_to>玛瑞</assigned_to>
	</Record>
	<Record>
		<last_changed_time>2004年7月9日 下午03时48分16秒</last_changed_time>
		<reporter>玛瑞:-::-:</reporter>
		<object>代码</object>
		<status>延迟</status>
		<configuration_code>PR-SEE-000015dfdf</configuration_code>
		<last_changed_person>超级管理员</last_changed_person>
		<type>错误</type>
		<commit_time>2004年7月9日 下午03时48分16秒</commit_time>
		<title>特定类型的字段若设为非空或关键字，则会有页面脚本错误！</title>
		<priority>非常高</priority>
		<project>软件工程环境SEE</project>
		<severity>非常低</severity>
		<description>程序中有一个大bug：对于界面风格、界面方案、数据显示风格、数据审计类型字段，若设为非空或关键字，则会有页面脚本错误！:r:t-r:t:原因是：没有把它们当成选择项来检查。</description>
		<commit_person>超级管理员</commit_person>
		<assigned_to>玛瑞</assigned_to>
	</Record>
	<Record>
		<last_changed_time>2004年7月9日 下午03时48分33秒</last_changed_time>
		<reporter>玛瑞:-::-:</reporter>
		<object>代码</object>
		<status>已关闭</status>
		<configuration_code>PR-SEE-000015ddf</configuration_code>
		<last_changed_person>超级管理员</last_changed_person>
		<type>错误</type>
		<commit_time>2004年7月9日 下午03时48分33秒</commit_time>
		<title>特定类型的字段若设为非空或关键字，则会有页面脚本错误！</title>
		<priority>非常高</priority>
		<project>软件工程环境SEE</project>
		<severity>高</severity>
		<description>程序中有一个大bug：对于界面风格、界面方案、数据显示风格、数据审计类型字段，若设为非空或关键字，则会有页面脚本错误！:r:t-r:t:原因是：没有把它们当成选择项来检查。</description>
		<commit_person>超级管理员</commit_person>
		<assigned_to>玛瑞</assigned_to>
	</Record>
	<Record>
		<last_changed_time>2004年7月9日 下午03时48分33秒</last_changed_time>
		<reporter>玛瑞:-::-:</reporter>
		<object>代码</object>
		<status>已关闭</status>
		<configuration_code>PR-SEE-000015ddfsds</configuration_code>
		<last_changed_person>超级管理员</last_changed_person>
		<type>错误</type>
		<commit_time>2004年7月9日 下午03时48分33秒</commit_time>
		<title>特定类型的字段若设为非空或关键字，则会有页面脚本错误！</title>
		<priority>非常高</priority>
		<project>软件工程环境SEE</project>
		<severity>低</severity>
		<description>程序中有一个大bug：对于界面风格、界面方案、数据显示风格、数据审计类型字段，若设为非空或关键字，则会有页面脚本错误！:r:t-r:t:原因是：没有把它们当成选择项来检查。</description>
		<commit_person>超级管理员</commit_person>
		<assigned_to>玛瑞</assigned_to>
	</Record>
	<Record>
		<last_changed_time>2004年7月9日 下午03时49分00秒</last_changed_time>
		<reporter>玛瑞:-::-:</reporter>
		<object>代码</object>
		<status>已测试</status>
		<configuration_code>PR-SEE-000015sdsdsd</configuration_code>
		<last_changed_person>超级管理员</last_changed_person>
		<type>错误</type>
		<commit_time>2004年7月9日 下午03时49分00秒</commit_time>
		<title>特定类型的字段若设为非空或关键字，则会有页面脚本错误！</title>
		<priority>非常高</priority>
		<project>软件工程环境SEE</project>
		<severity>低</severity>
		<description>程序中有一个大bug：对于界面风格、界面方案、数据显示风格、数据审计类型字段，若设为非空或关键字，则会有页面脚本错误！:r:t-r:t:原因是：没有把它们当成选择项来检查。</description>
		<commit_person>超级管理员</commit_person>
		<assigned_to>玛瑞</assigned_to>
	</Record>
	<Record>
		<last_changed_time>2004年7月9日 下午03时49分34秒</last_changed_time>
		<reporter>玛瑞:-::-:</reporter>
		<object>代码</object>
		<status>已关闭</status>
		<configuration_code>PR-SEE-000015dfdfd</configuration_code>
		<last_changed_person>超级管理员</last_changed_person>
		<type>错误</type>
		<commit_time>2004年7月9日 下午03时49分34秒</commit_time>
		<title>特定类型的字段若设为非空或关键字，则会有页面脚本错误！</title>
		<priority>非常高</priority>
		<project>软件工程环境SEE</project>
		<severity>低</severity>
		<description>程序中有一个大bug：对于界面风格、界面方案、数据显示风格、数据审计类型字段，若设为非空或关键字，则会有页面脚本错误！:r:t-r:t:原因是：没有把它们当成选择项来检查。</description>
		<commit_person>超级管理员</commit_person>
		<assigned_to>玛瑞</assigned_to>
	</Record>
	<Record>
		<last_changed_time>2004年7月9日 下午03时49分34秒</last_changed_time>
		<reporter>玛瑞:-::-:</reporter>
		<object>代码</object>
		<status>已关闭</status>
		<configuration_code>PR-SEE-000015dfdfdssssss</configuration_code>
		<last_changed_person>超级管理员</last_changed_person>
		<type>错误</type>
		<commit_time>2004年7月9日 下午03时49分34秒</commit_time>
		<title>特定类型的字段若设为非空或关键字，则会有页面脚本错误！</title>
		<priority>非常高</priority>
		<project>软件工程环境SEE</project>
		<severity>低</severity>
		<description>程序中有一个大bug：对于界面风格、界面方案、数据显示风格、数据审计类型字段，若设为非空或关键字，则会有页面脚本错误！:r:t-r:t:原因是：没有把它们当成选择项来检查。</description>
		<commit_person>超级管理员</commit_person>
		<assigned_to>玛瑞</assigned_to>
	</Record>
	<Record>
		<last_changed_time>2004年7月9日 下午03时49分34秒</last_changed_time>
		<reporter>玛瑞:-::-:</reporter>
		<object>代码</object>
		<status>已关闭</status>
		<configuration_code>PR-SEE-000015dfdfdssssssff</configuration_code>
		<last_changed_person>超级管理员</last_changed_person>
		<type>错误</type>
		<commit_time>2004年7月9日 下午03时49分34秒</commit_time>
		<title>特定类型的字段若设为非空或关键字，则会有页面脚本错误！</title>
		<priority>非常高</priority>
		<project>软件工程环境SEE</project>
		<severity>非常低</severity>
		<description>程序中有一个大bug：对于界面风格、界面方案、数据显示风格、数据审计类型字段，若设为非空或关键字，则会有页面脚本错误！:r:t-r:t:原因是：没有把它们当成选择项来检查。</description>
		<commit_person>超级管理员</commit_person>
		<assigned_to>玛瑞</assigned_to>
	</Record>
	<Record>
		<last_changed_time>2004年7月9日 下午03时49分34秒</last_changed_time>
		<reporter>玛瑞:-::-:</reporter>
		<object>代码</object>
		<status>已测试</status>
		<configuration_code>PR-SEE-000015dfdfds12</configuration_code>
		<last_changed_person>超级管理员</last_changed_person>
		<type>错误</type>
		<commit_time>2004年7月9日 下午03时49分34秒</commit_time>
		<title>特定类型的字段若设为非空或关键字，则会有页面脚本错误！</title>
		<priority>非常高</priority>
		<project>软件工程环境SEE</project>
		<severity>中等</severity>
		<description>程序中有一个大bug：对于界面风格、界面方案、数据显示风格、数据审计类型字段，若设为非空或关键字，则会有页面脚本错误！:r:t-r:t:原因是：没有把它们当成选择项来检查。</description>
		<commit_person>超级管理员</commit_person>
		<assigned_to>玛瑞</assigned_to>
	</Record>
	<Record>
		<last_changed_time>2004年7月9日 下午03时49分34秒</last_changed_time>
		<reporter>玛瑞:-::-:</reporter>
		<object>代码</object>
		<status>已测试</status>
		<configuration_code>PR-SEE-0000152222</configuration_code>
		<last_changed_person>超级管理员</last_changed_person>
		<type>错误</type>
		<commit_time>2004年7月9日 下午03时49分34秒</commit_time>
		<title>特定类型的字段若设为非空或关键字，则会有页面脚本错误！</title>
		<priority>非常高</priority>
		<project>软件工程环境SEE</project>
		<severity>低</severity>
		<description>程序中有一个大bug：对于界面风格、界面方案、数据显示风格、数据审计类型字段，若设为非空或关键字，则会有页面脚本错误！:r:t-r:t:原因是：没有把它们当成选择项来检查。</description>
		<commit_person>超级管理员</commit_person>
		<assigned_to>玛瑞</assigned_to>
	</Record>
	<Record>
		<last_changed_time>2004年7月9日 下午03时49分34秒</last_changed_time>
		<reporter>玛瑞:-::-:</reporter>
		<object>代码</object>
		<status>已测试</status>
		<configuration_code>PR-SEE-00001eee</configuration_code>
		<last_changed_person>超级管理员</last_changed_person>
		<type>错误</type>
		<commit_time>2004年7月9日 下午03时49分34秒</commit_time>
		<title>特定类型的字段若设为非空或关键字，则会有页面脚本错误！</title>
		<priority>非常高</priority>
		<project>软件工程环境SEE</project>
		<severity>低</severity>
		<description>程序中有一个大bug：对于界面风格、界面方案、数据显示风格、数据审计类型字段，若设为非空或关键字，则会有页面脚本错误！:r:t-r:t:原因是：没有把它们当成选择项来检查。</description>
		<commit_person>超级管理员</commit_person>
		<assigned_to>玛瑞</assigned_to>
	</Record>
	<Record>
		<last_changed_time>2004年7月9日 下午03时49分34秒</last_changed_time>
		<reporter>玛瑞:-::-:</reporter>
		<object>代码</object>
		<status>已测试</status>
		<configuration_code>PR-SEE-00001eeegg</configuration_code>
		<last_changed_person>超级管理员</last_changed_person>
		<type>错误</type>
		<commit_time>2004年7月9日 下午03时49分34秒</commit_time>
		<title>特定类型的字段若设为非空或关键字，则会有页面脚本错误！</title>
		<priority>非常高</priority>
		<project>软件工程环境SEE</project>
		<severity>低</severity>
		<description>程序中有一个大bug：对于界面风格、界面方案、数据显示风格、数据审计类型字段，若设为非空或关键字，则会有页面脚本错误！:r:t-r:t:原因是：没有把它们当成选择项来检查。</description>
		<commit_person>超级管理员</commit_person>
		<assigned_to>玛瑞</assigned_to>
	</Record>
	<Record>
		<last_changed_time>2004年7月9日 下午03时51分24秒</last_changed_time>
		<reporter>玛瑞:-::-:</reporter>
		<object>代码</object>
		<status>已修正</status>
		<configuration_code>PR-SEE-000015hh</configuration_code>
		<last_changed_person>超级管理员</last_changed_person>
		<type>错误</type>
		<commit_time>2004年7月9日 下午03时51分24秒</commit_time>
		<title>特定类型的字段若设为非空或关键字，则会有页面脚本错误！</title>
		<priority>非常高</priority>
		<project>软件工程环境SEE</project>
		<severity>中等</severity>
		<description>程序中有一个大bug：对于界面风格、界面方案、数据显示风格、数据审计类型字段，若设为非空或关键字，则会有页面脚本错误！:r:t-r:t:原因是：没有把它们当成选择项来检查。</description>
		<commit_person>超级管理员</commit_person>
		<assigned_to>玛瑞</assigned_to>
	</Record>
	<Record>
		<last_changed_time>2004年7月9日 下午03时51分24秒</last_changed_time>
		<reporter>玛瑞:-::-:</reporter>
		<object>代码</object>
		<status>已修正</status>
		<configuration_code>PR-SEE-000015hhhhh</configuration_code>
		<last_changed_person>超级管理员</last_changed_person>
		<type>错误</type>
		<commit_time>2004年7月9日 下午03时51分24秒</commit_time>
		<title>特定类型的字段若设为非空或关键字，则会有页面脚本错误！</title>
		<priority>非常高</priority>
		<project>软件工程环境SEE</project>
		<severity>中等</severity>
		<description>程序中有一个大bug：对于界面风格、界面方案、数据显示风格、数据审计类型字段，若设为非空或关键字，则会有页面脚本错误！:r:t-r:t:原因是：没有把它们当成选择项来检查。</description>
		<commit_person>超级管理员</commit_person>
		<assigned_to>玛瑞</assigned_to>
	</Record>
	<Record>
		<last_changed_time>2004年7月9日 下午03时51分24秒</last_changed_time>
		<reporter>玛瑞:-::-:</reporter>
		<object>代码</object>
		<status>已修正</status>
		<configuration_code>PR-SEE-000015hhhhhfgfg</configuration_code>
		<last_changed_person>超级管理员</last_changed_person>
		<type>错误</type>
		<commit_time>2004年7月9日 下午03时51分24秒</commit_time>
		<title>特定类型的字段若设为非空或关键字，则会有页面脚本错误！</title>
		<priority>非常高</priority>
		<project>软件工程环境SEE</project>
		<severity>中等</severity>
		<description>程序中有一个大bug：对于界面风格、界面方案、数据显示风格、数据审计类型字段，若设为非空或关键字，则会有页面脚本错误！:r:t-r:t:原因是：没有把它们当成选择项来检查。</description>
		<commit_person>超级管理员</commit_person>
		<assigned_to>玛瑞</assigned_to>
	</Record>
	<Record>
		<last_changed_time>2004年7月9日 下午03时51分24秒</last_changed_time>
		<reporter>玛瑞:-::-:</reporter>
		<object>代码</object>
		<status>已修正</status>
		<configuration_code>PR-SEE-000015hhhhhtfgfg</configuration_code>
		<last_changed_person>超级管理员</last_changed_person>
		<type>错误</type>
		<commit_time>2004年7月9日 下午03时51分24秒</commit_time>
		<title>特定类型的字段若设为非空或关键字，则会有页面脚本错误！</title>
		<priority>非常高</priority>
		<project>软件工程环境SEE</project>
		<severity>中等</severity>
		<description>程序中有一个大bug：对于界面风格、界面方案、数据显示风格、数据审计类型字段，若设为非空或关键字，则会有页面脚本错误！:r:t-r:t:原因是：没有把它们当成选择项来检查。</description>
		<commit_person>超级管理员</commit_person>
		<assigned_to>玛瑞</assigned_to>
	</Record>
	<Record>
		<last_changed_time>2004年7月9日 下午03时51分24秒</last_changed_time>
		<reporter>玛瑞:-::-:</reporter>
		<object>代码</object>
		<status>已修正</status>
		<configuration_code>PR-SEE-00001e5hhhhhtfgfg</configuration_code>
		<last_changed_person>超级管理员</last_changed_person>
		<type>错误</type>
		<commit_time>2004年7月9日 下午03时51分24秒</commit_time>
		<title>特定类型的字段若设为非空或关键字，则会有页面脚本错误！</title>
		<priority>非常高</priority>
		<project>软件工程环境SEE</project>
		<severity>中等</severity>
		<description>程序中有一个大bug：对于界面风格、界面方案、数据显示风格、数据审计类型字段，若设为非空或关键字，则会有页面脚本错误！:r:t-r:t:原因是：没有把它们当成选择项来检查。</description>
		<commit_person>超级管理员</commit_person>
		<assigned_to>玛瑞</assigned_to>
	</Record>
	<Record>
		<last_changed_time>2004年7月9日 下午03时51分24秒</last_changed_time>
		<reporter>玛瑞:-::-:</reporter>
		<object>代码</object>
		<status>已修正</status>
		<configuration_code>PR-SwEE-00001e5hhhhhtfgfg</configuration_code>
		<last_changed_person>超级管理员</last_changed_person>
		<type>错误</type>
		<commit_time>2004年7月9日 下午03时51分24秒</commit_time>
		<title>特定类型的字段若设为非空或关键字，则会有页面脚本错误！</title>
		<priority>非常高</priority>
		<project>软件工程环境SEE</project>
		<severity>低</severity>
		<description>程序中有一个大bug：对于界面风格、界面方案、数据显示风格、数据审计类型字段，若设为非空或关键字，则会有页面脚本错误！:r:t-r:t:原因是：没有把它们当成选择项来检查。</description>
		<commit_person>超级管理员</commit_person>
		<assigned_to>玛瑞</assigned_to>
	</Record>
	<Record>
		<last_changed_time>2004年7月9日 下午03时51分24秒</last_changed_time>
		<reporter>玛瑞:-::-:</reporter>
		<object>代码</object>
		<status>已修正</status>
		<configuration_code>PR-SwwEE-00001e5hhhhhtfgfg</configuration_code>
		<last_changed_person>超级管理员</last_changed_person>
		<type>错误</type>
		<commit_time>2004年7月9日 下午03时51分24秒</commit_time>
		<title>特定类型的字段若设为非空或关键字，则会有页面脚本错误！</title>
		<priority>非常高</priority>
		<project>软件工程环境SEE</project>
		<severity>非常高</severity>
		<description>程序中有一个大bug：对于界面风格、界面方案、数据显示风格、数据审计类型字段，若设为非空或关键字，则会有页面脚本错误！:r:t-r:t:原因是：没有把它们当成选择项来检查。</description>
		<commit_person>超级管理员</commit_person>
		<assigned_to>玛瑞</assigned_to>
	</Record>
	<Record>
		<last_changed_time>2004年7月9日 下午03时51分24秒</last_changed_time>
		<reporter>玛瑞:-::-:</reporter>
		<object>代码</object>
		<status>已修正</status>
		<configuration_code>PR-w</configuration_code>
		<last_changed_person>超级管理员</last_changed_person>
		<type>错误</type>
		<commit_time>2004年7月9日 下午03时51分24秒</commit_time>
		<title>特定类型的字段若设为非空或关键字，则会有页面脚本错误！</title>
		<priority>非常高</priority>
		<project>软件工程环境SEE</project>
		<severity>非常高</severity>
		<description>程序中有一个大bug：对于界面风格、界面方案、数据显示风格、数据审计类型字段，若设为非空或关键字，则会有页面脚本错误！:r:t-r:t:原因是：没有把它们当成选择项来检查。</description>
		<commit_person>超级管理员</commit_person>
		<assigned_to>玛瑞</assigned_to>
	</Record>
	<Record>
		<last_changed_time>2004年7月9日 下午03时51分24秒</last_changed_time>
		<reporter>玛瑞:-::-:</reporter>
		<object>代码</object>
		<status>已修正</status>
		<configuration_code>PR-www</configuration_code>
		<last_changed_person>超级管理员</last_changed_person>
		<type>错误</type>
		<commit_time>2004年7月9日 下午03时51分24秒</commit_time>
		<title>特定类型的字段若设为非空或关键字，则会有页面脚本错误！</title>
		<priority>非常高</priority>
		<project>软件工程环境SEE</project>
		<severity>低</severity>
		<description>程序中有一个大bug：对于界面风格、界面方案、数据显示风格、数据审计类型字段，若设为非空或关键字，则会有页面脚本错误！:r:t-r:t:原因是：没有把它们当成选择项来检查。</description>
		<commit_person>超级管理员</commit_person>
		<assigned_to>玛瑞</assigned_to>
	</Record>
	<Record>
		<last_changed_time>2004年7月9日 下午03时51分24秒</last_changed_time>
		<reporter>玛瑞:-::-:</reporter>
		<object>代码</object>
		<status>已修正</status>
		<configuration_code>PR-wwwww</configuration_code>
		<last_changed_person>超级管理员</last_changed_person>
		<type>错误</type>
		<commit_time>2004年7月9日 下午03时51分24秒</commit_time>
		<title>特定类型的字段若设为非空或关键字，则会有页面脚本错误！</title>
		<priority>非常高</priority>
		<project>软件工程环境SEE</project>
		<severity>低</severity>
		<description>程序中有一个大bug：对于界面风格、界面方案、数据显示风格、数据审计类型字段，若设为非空或关键字，则会有页面脚本错误！:r:t-r:t:原因是：没有把它们当成选择项来检查。</description>
		<commit_person>超级管理员</commit_person>
		<assigned_to>玛瑞</assigned_to>
	</Record>
	<Record>
		<last_changed_time>2004年7月9日 下午03时51分24秒</last_changed_time>
		<reporter>玛瑞:-::-:</reporter>
		<object>代码</object>
		<status>已修正</status>
		<configuration_code>rrr</configuration_code>
		<last_changed_person>超级管理员</last_changed_person>
		<type>错误</type>
		<commit_time>2004年7月9日 下午03时51分24秒</commit_time>
		<title>特定类型的字段若设为非空或关键字，则会有页面脚本错误！</title>
		<priority>非常高</priority>
		<project>软件工程环境SEE</project>
		<severity>非常低</severity>
		<description>程序中有一个大bug：对于界面风格、界面方案、数据显示风格、数据审计类型字段，若设为非空或关键字，则会有页面脚本错误！:r:t-r:t:原因是：没有把它们当成选择项来检查。</description>
		<commit_person>超级管理员</commit_person>
		<assigned_to>玛瑞</assigned_to>
	</Record>
	<Record>
		<last_changed_time>2004年7月9日 下午03时51分24秒</last_changed_time>
		<reporter>玛瑞:-::-:</reporter>
		<object>代码</object>
		<status>已修正</status>
		<configuration_code>rrrwe</configuration_code>
		<last_changed_person>超级管理员</last_changed_person>
		<type>错误</type>
		<commit_time>2004年7月9日 下午03时51分24秒</commit_time>
		<title>特定类型的字段若设为非空或关键字，则会有页面脚本错误！</title>
		<priority>非常高</priority>
		<project>软件工程环境SEE</project>
		<severity>非常低</severity>
		<description>程序中有一个大bug：对于界面风格、界面方案、数据显示风格、数据审计类型字段，若设为非空或关键字，则会有页面脚本错误！:r:t-r:t:原因是：没有把它们当成选择项来检查。</description>
		<commit_person>超级管理员</commit_person>
		<assigned_to>玛瑞</assigned_to>
	</Record>
	<Record>
		<last_changed_time>2004年7月9日 下午03时52分53秒</last_changed_time>
		<reporter>玛瑞:-::-:</reporter>
		<object>代码</object>
		<status>提交</status>
		<configuration_code>fgfg</configuration_code>
		<last_changed_person>超级管理员</last_changed_person>
		<type>错误</type>
		<commit_time>2004年7月9日 下午03时52分53秒</commit_time>
		<title>特定类型的字段若设为非空或关键字，则会有页面脚本错误！</title>
		<priority>非常高</priority>
		<project>软件工程环境SEE</project>
		<severity>中等</severity>
		<description>程序中有一个大bug：对于界面风格、界面方案、数据显示风格、数据审计类型字段，若设为非空或关键字，则会有页面脚本错误！:r:t-r:t:原因是：没有把它们当成选择项来检查。</description>
		<commit_person>超级管理员</commit_person>
		<assigned_to>玛瑞</assigned_to>
	</Record>
	<Record>
		<last_changed_time>2004年7月9日 下午03时52分53秒</last_changed_time>
		<reporter>玛瑞:-::-:</reporter>
		<object>代码</object>
		<status>提交</status>
		<configuration_code>fgfgss</configuration_code>
		<last_changed_person>超级管理员</last_changed_person>
		<type>错误</type>
		<commit_time>2004年7月9日 下午03时52分53秒</commit_time>
		<title>特定类型的字段若设为非空或关键字，则会有页面脚本错误！</title>
		<priority>非常高</priority>
		<project>软件工程环境SEE</project>
		<severity>低</severity>
		<description>程序中有一个大bug：对于界面风格、界面方案、数据显示风格、数据审计类型字段，若设为非空或关键字，则会有页面脚本错误！:r:t-r:t:原因是：没有把它们当成选择项来检查。</description>
		<commit_person>超级管理员</commit_person>
		<assigned_to>玛瑞</assigned_to>
	</Record>
	<Record>
		<last_changed_time>2004年7月9日 下午03时52分53秒</last_changed_time>
		<reporter>玛瑞:-::-:</reporter>
		<object>代码</object>
		<status>提交</status>
		<configuration_code>fgfgsssss</configuration_code>
		<last_changed_person>超级管理员</last_changed_person>
		<type>错误</type>
		<commit_time>2004年7月9日 下午03时52分53秒</commit_time>
		<title>特定类型的字段若设为非空或关键字，则会有页面脚本错误！</title>
		<priority>非常高</priority>
		<project>软件工程环境SEE</project>
		<severity>低</severity>
		<description>程序中有一个大bug：对于界面风格、界面方案、数据显示风格、数据审计类型字段，若设为非空或关键字，则会有页面脚本错误！:r:t-r:t:原因是：没有把它们当成选择项来检查。</description>
		<commit_person>超级管理员</commit_person>
		<assigned_to>玛瑞</assigned_to>
	</Record>
	<Record>
		<last_changed_time>2004年7月9日 下午03时52分53秒</last_changed_time>
		<reporter>玛瑞:-::-:</reporter>
		<object>代码</object>
		<status>提交</status>
		<configuration_code>fgfgssssssdsd</configuration_code>
		<last_changed_person>超级管理员</last_changed_person>
		<type>错误</type>
		<commit_time>2004年7月9日 下午03时52分53秒</commit_time>
		<title>特定类型的字段若设为非空或关键字，则会有页面脚本错误！</title>
		<priority>非常高</priority>
		<project>软件工程环境SEE</project>
		<severity>低</severity>
		<description>程序中有一个大bug：对于界面风格、界面方案、数据显示风格、数据审计类型字段，若设为非空或关键字，则会有页面脚本错误！:r:t-r:t:原因是：没有把它们当成选择项来检查。</description>
		<commit_person>超级管理员</commit_person>
		<assigned_to>玛瑞</assigned_to>
	</Record>
	<Record>
		<last_changed_time>2004年7月9日 下午03时52分53秒</last_changed_time>
		<reporter>玛瑞:-::-:</reporter>
		<object>代码</object>
		<status>提交</status>
		<configuration_code>fgfgssssssdsdsss</configuration_code>
		<last_changed_person>超级管理员</last_changed_person>
		<type>错误</type>
		<commit_time>2004年7月9日 下午03时52分53秒</commit_time>
		<title>特定类型的字段若设为非空或关键字，则会有页面脚本错误！</title>
		<priority>非常高</priority>
		<project>软件工程环境SEE</project>
		<severity>非常低</severity>
		<description>程序中有一个大bug：对于界面风格、界面方案、数据显示风格、数据审计类型字段，若设为非空或关键字，则会有页面脚本错误！:r:t-r:t:原因是：没有把它们当成选择项来检查。</description>
		<commit_person>超级管理员</commit_person>
		<assigned_to>玛瑞</assigned_to>
	</Record>
	<Record>
		<last_changed_time>2004年7月9日 下午03时52分53秒</last_changed_time>
		<reporter>玛瑞:-::-:</reporter>
		<object>代码</object>
		<status>被否定</status>
		<configuration_code>sss</configuration_code>
		<last_changed_person>超级管理员</last_changed_person>
		<type>错误</type>
		<commit_time>2004年7月9日 下午03时52分53秒</commit_time>
		<title>特定类型的字段若设为非空或关键字，则会有页面脚本错误！</title>
		<priority>非常高</priority>
		<project>软件工程环境SEE</project>
		<severity>非常低</severity>
		<description>程序中有一个大bug：对于界面风格、界面方案、数据显示风格、数据审计类型字段，若设为非空或关键字，则会有页面脚本错误！:r:t-r:t:原因是：没有把它们当成选择项来检查。</description>
		<commit_person>超级管理员</commit_person>
		<assigned_to>玛瑞</assigned_to>
	</Record>
	<Record>
		<last_changed_time>2004年7月9日 下午03时52分53秒</last_changed_time>
		<reporter>玛瑞:-::-:</reporter>
		<object>代码</object>
		<status>被否定</status>
		<configuration_code>ssssds</configuration_code>
		<last_changed_person>超级管理员</last_changed_person>
		<type>错误</type>
		<commit_time>2004年7月9日 下午03时52分53秒</commit_time>
		<title>特定类型的字段若设为非空或关键字，则会有页面脚本错误！</title>
		<priority>非常高</priority>
		<project>软件工程环境SEE</project>
		<severity>中等</severity>
		<description>程序中有一个大bug：对于界面风格、界面方案、数据显示风格、数据审计类型字段，若设为非空或关键字，则会有页面脚本错误！:r:t-r:t:
原因是：没有把它们当成选择项来检查。</description>
		<commit_person>超级管理员</commit_person>
		<assigned_to>玛瑞</assigned_to>
	</Record>
</DataValues>
