<?xml version="1.0" encoding="UTF-8"?>
<DataValues>
	<Record>
		<user>超级管理员</user>
		<type>count</type>
		<item>status</item>
		<data>problem_report</data>
		<image>piechart:-:histogram</image>
		<title>计数-状态</title>
	</Record>
	<Record>
		<user>超级管理员</user>
		<type>count</type>
		<item>type</item>
		<data>problem_report</data>
		<image>piechart:-:histogram</image>
		<title>计数-类型</title>
	</Record>
	<Record>
		<user>超级管理员</user>
		<type>count</type>
		<item>object</item>
		<data>problem_report</data>
		<image>piechart:-:histogram</image>
		<title>计数-对象</title>
	</Record>
	<Record>
		<user>超级管理员</user>
		<type>count</type>
		<item>severity</item>
		<data>problem_report</data>
		<image>piechart:-:histogram</image>
		<title>计数-严重性</title>
	</Record>
	<Record>
		<user>超级管理员</user>
		<type>count</type>
		<item>project</item>
		<data>problem_report</data>
		<image>piechart:-:histogram</image>
		<title>计数-项目</title>
	</Record>
	<Record>
		<user>超级管理员</user>
		<type>count</type>
		<item>priority</item>
		<data>problem_report</data>
		<image>piechart:-:histogram</image>
		<title>计数-优先级</title>
	</Record>
	<Record>
		<user>超级管理员</user>
		<type>count</type>
		<item>commit_person</item>
		<data>problem_report</data>
		<image>piechart:-:histogram</image>
		<title>计数-提交者</title>
	</Record>
	<Record>
		<user>超级管理员</user>
		<type>count</type>
		<item>assigned_to</item>
		<data>problem_report</data>
		<image>piechart:-:histogram</image>
		<title>计数-指派给</title>
	</Record>
	<Record>
		<show_value>yes</show_value>
		<cross_item>type</cross_item>
		<user>超级管理员</user>
		<type>cross_count</type>
		<item>status</item>
		<data>problem_report</data>
		<image>piecross:-:histogramcross:-:histogramrate</image>
		<title>交叉计数-状态-类型</title>
	</Record>
	<Record>
		<show_value>yes</show_value>
		<cross_item>object</cross_item>
		<user>超级管理员</user>
		<type>cross_count</type>
		<item>status</item>
		<data>problem_report</data>
		<image>piecross:-:histogramcross:-:histogramrate</image>
		<title>交叉计数-状态-对象</title>
	</Record>
	<Record>
		<show_value>yes</show_value>
		<cross_item>severity</cross_item>
		<user>超级管理员</user>
		<type>cross_count</type>
		<item>status</item>
		<data>problem_report</data>
		<image>piecross:-:histogramcross:-:histogramrate</image>
		<title>交叉计数-状态-严重性</title>
	</Record>
	<Record>
		<show_value>yes</show_value>
		<cross_item>priority</cross_item>
		<user>超级管理员</user>
		<type>cross_count</type>
		<item>status</item>
		<data>problem_report</data>
		<image>piecross:-:histogramcross:-:histogramrate</image>
		<title>交叉计数-状态-优先级</title>
	</Record>
	<Record>
		<show_value>yes</show_value>
		<cross_item>object</cross_item>
		<user>超级管理员</user>
		<type>cross_count</type>
		<item>type</item>
		<data>problem_report</data>
		<image>piecross:-:histogramcross:-:histogramrate</image>
		<title>交叉计数-类型-对象</title>
	</Record>
	<Record>
		<show_value>yes</show_value>
		<cross_item>severity</cross_item>
		<user>超级管理员</user>
		<type>cross_count</type>
		<item>type</item>
		<data>problem_report</data>
		<image>piecross:-:histogramcross:-:histogramrate</image>
		<title>交叉计数-类型-严重性</title>
	</Record>
	<Record>
		<show_value>yes</show_value>
		<cross_item>priority</cross_item>
		<user>超级管理员</user>
		<type>cross_count</type>
		<item>type</item>
		<data>problem_report</data>
		<image>piecross:-:histogramcross:-:histogramrate</image>
		<title>交叉计数-类型-优先级</title>
	</Record>
	<Record>
		<show_value>yes</show_value>
		<cross_item>severity</cross_item>
		<user>超级管理员</user>
		<type>cross_count</type>
		<item>object</item>
		<data>problem_report</data>
		<image>piecross:-:histogramcross:-:histogramrate</image>
		<title>交叉计数-对象-严重性</title>
	</Record>
	<Record>
		<user>超级管理员</user>
		<type>trend</type>
		<value>plan_aaaa_effort:-:actual_aaaa_effort</value>
		<data>weekly_report</data>
		<time>actual_aaaa_start_date</time>
		<title>趋势-工作量</title>
	</Record>
	<Record>
		<user>超级管理员</user>
		<type>trend</type>
		<value>plan_aaaa_cost:-:actual_aaaa_cost</value>
		<data>weekly_report</data>
		<time>actual_aaaa_start_date</time>
		<title>趋势-成本</title>
	</Record>
	<Record>
		<user>超级管理员</user>
		<type>count</type>
		<item>conclusion</item>
		<data>code_review</data>
		<image>piechart:-:histogram</image>
		<title>计数-结论</title>
	</Record>
	<Record>
		<user>超级管理员</user>
		<type>count</type>
		<item>conclusion</item>
		<data>document_review</data>
		<image>piechart:-:histogram</image>
		<title>计数-结论</title>
	</Record>
	<Record>
		<user>超级管理员</user>
		<type>count</type>
		<item>type</item>
		<data>code_register</data>
		<image>piechart:-:histogram</image>
		<title>计数-类型</title>
	</Record>
	<Record>
		<user>超级管理员</user>
		<type>count</type>
		<item>status</item>
		<data>project</data>
		<image>piechart:-:histogram</image>
		<title>计数-状态</title>
	</Record>
	<Record>
		<show_value>yes</show_value>
		<cross_item>project_stage</cross_item>
		<user>超级管理员</user>
		<type>cross_count</type>
		<item>type</item>
		<data>project_task</data>
		<image>piecross:-:histogramcross:-:histogramrate</image>
		<title>交叉计数-类型-项目阶段</title>
	</Record>
	<Record>
		<show_value>yes</show_value>
		<cross_item>project_stage</cross_item>
		<user>超级管理员</user>
		<type>cross_count</type>
		<item>type</item>
		<data>risk_analysis</data>
		<image>piecross:-:histogramcross:-:histogramrate</image>
		<title>交叉计数-类型-项目阶段</title>
	</Record>
	<Record>
		<show_value>yes</show_value>
		<cross_item>project_stage</cross_item>
		<user>超级管理员</user>
		<type>cross_count</type>
		<item>probability</item>
		<data>risk_analysis</data>
		<image>piecross:-:histogramcross:-:histogramrate</image>
		<title>交叉计数-可能性-项目阶段</title>
	</Record>
	<Record>
		<show_value>yes</show_value>
		<cross_item>project_stage</cross_item>
		<user>超级管理员</user>
		<type>cross_count</type>
		<item>severity</item>
		<data>risk_analysis</data>
		<image>piecross:-:histogramcross:-:histogramrate</image>
		<title>交叉计数-严重性-项目阶段</title>
	</Record>
	<Record>
		<user>超级管理员</user>
		<type>count</type>
		<item>status</item>
		<data>working_log</data>
		<image>piechart:-:histogram</image>
		<title>计数-状态</title>
	</Record>
	<Record>
		<user>超级管理员</user>
		<type>count</type>
		<item>type</item>
		<data>working_log</data>
		<image>piechart:-:histogram</image>
		<title>计数-类型</title>
	</Record>
	<Record>
		<user>超级管理员</user>
		<type>count</type>
		<item>commit_person</item>
		<data>working_log</data>
		<image>piechart:-:histogram</image>
		<title>计数-提交者</title>
	</Record>
	<Record>
		<user>超级管理员</user>
		<type>count</type>
		<item>commit_time</item>
		<data>working_log</data>
		<image>piechart:-:histogram</image>
		<title>计数-提交时间</title>
	</Record>
	<Record>
		<show_value>yes</show_value>
		<cross_item>type</cross_item>
		<user>超级管理员</user>
		<type>cross_count</type>
		<item>status</item>
		<data>working_log</data>
		<image>piecross:-:histogramcross:-:histogramrate</image>
		<title>交叉计数-状态-类型</title>
	</Record>
	<Record>
		<show_value>yes</show_value>
		<cross_item>project_task</cross_item>
		<user>超级管理员</user>
		<type>cross_count</type>
		<item>status</item>
		<data>working_log</data>
		<image>piecross:-:histogramcross:-:histogramrate</image>
		<title>交叉计数-状态-项目任务</title>
	</Record>
	<Record>
		<show_value>yes</show_value>
		<cross_item>project_task</cross_item>
		<user>超级管理员</user>
		<type>cross_count</type>
		<item>type</item>
		<data>working_log</data>
		<image>piecross:-:histogramcross:-:histogramrate</image>
		<title>交叉计数-类型-项目任务</title>
	</Record>
	<Record>
		<show_value>yes</show_value>
		<cross_item>project_task</cross_item>
		<user>超级管理员</user>
		<type>cross_count</type>
		<item>commit_person</item>
		<data>working_log</data>
		<image>piecross:-:histogramcross:-:histogramrate</image>
		<title>交叉计数-提交者-项目任务</title>
	</Record>
	<Record>
		<show_value>yes</show_value>
		<cross_item>commit_person</cross_item>
		<user>超级管理员</user>
		<type>cross_count</type>
		<item>status</item>
		<data>working_log</data>
		<image>piecross:-:histogramcross:-:histogramrate</image>
		<title>交叉计数-状态-提交者</title>
	</Record>
	<Record>
		<show_value>yes</show_value>
		<cross_item>commit_person</cross_item>
		<user>超级管理员</user>
		<type>cross_count</type>
		<item>type</item>
		<data>working_log</data>
		<image>piecross:-:histogramcross:-:histogramrate</image>
		<title>交叉计数-类型-提交者</title>
	</Record>
	<Record>
		<show_value>yes</show_value>
		<cross_item>project</cross_item>
		<user>超级管理员</user>
		<type>cross_count</type>
		<item>type</item>
		<data>code_register</data>
		<image>piecross:-:histogramcross:-:histogramrate</image>
		<title>交叉计数-类型-项目</title>
	</Record>
	<Record>
		<user>超级管理员</user>
		<type>count</type>
		<item>project</item>
		<data>document_register</data>
		<image>piechart:-:histogram</image>
		<title>计数-项目</title>
	</Record>
	<Record>
		<user>超级管理员</user>
		<type>count</type>
		<item>project</item>
		<data>code_register</data>
		<image>piechart:-:histogram</image>
		<title>计数-项目</title>
	</Record>
	<Record>
		<user>超级管理员</user>
		<type>count</type>
		<item>type</item>
		<data>document_register</data>
		<image>piechart:-:histogram</image>
		<title>计数-类型</title>
	</Record>
	<Record>
		<user>超级管理员</user>
		<type>count</type>
		<item>secrecy</item>
		<data>document_register</data>
		<image>piechart:-:histogram</image>
		<title>计数-密级</title>
	</Record>
	<Record>
		<show_value>yes</show_value>
		<cross_item>project</cross_item>
		<user>超级管理员</user>
		<type>cross_count</type>
		<item>type</item>
		<data>document_register</data>
		<image>piecross:-:histogramcross:-:histogramrate</image>
		<title>交叉计数-类型-项目</title>
	</Record>
	<Record>
		<show_value>yes</show_value>
		<cross_item>type</cross_item>
		<user>超级管理员</user>
		<type>cross_count</type>
		<item>secrecy</item>
		<data>document_register</data>
		<image>piecross:-:histogramcross:-:histogramrate</image>
		<title>交叉计数-密级-类型</title>
	</Record>
	<Record>
		<show_value>yes</show_value>
		<cross_item>project</cross_item>
		<user>超级管理员</user>
		<type>cross_count</type>
		<item>secrecy</item>
		<data>document_register</data>
		<image>piecross:-:histogramcross:-:histogramrate</image>
		<title>交叉计数-密级-项目</title>
	</Record>
	<Record>
		<user>超级管理员</user>
		<type>count</type>
		<item>revision</item>
		<data>document_register</data>
		<image>piechart:-:histogram</image>
		<title>计数-版本</title>
	</Record>
	<Record>
		<user>超级管理员</user>
		<type>count</type>
		<item>author</item>
		<data>document_register</data>
		<image>piechart:-:histogram</image>
		<title>计数-作者</title>
	</Record>
	<Record>
		<user>超级管理员</user>
		<type>count</type>
		<item>project</item>
		<data>software_requirement</data>
		<image>piechart:-:histogram</image>
		<title>计数-项目</title>
	</Record>
	<Record>
		<user>超级管理员</user>
		<type>count</type>
		<item>type</item>
		<data>software_requirement</data>
		<image>piechart:-:histogram</image>
		<title>计数-类型</title>
	</Record>
	<Record>
		<user>超级管理员</user>
		<type>count</type>
		<item>source</item>
		<data>software_requirement</data>
		<image>piechart:-:histogram</image>
		<title>计数-来源</title>
	</Record>
	<Record>
		<user>超级管理员</user>
		<type>count</type>
		<item>essentiality</item>
		<data>software_requirement</data>
		<image>piechart:-:histogram</image>
		<title>计数-重要性</title>
	</Record>
	<Record>
		<user>超级管理员</user>
		<type>count</type>
		<item>status</item>
		<data>software_requirement</data>
		<image>piechart:-:histogram</image>
		<title>计数-状态</title>
	</Record>
	<Record>
		<user>超级管理员</user>
		<type>count</type>
		<item>commit_person</item>
		<data>software_requirement</data>
		<image>piechart:-:histogram</image>
		<title>计数-提交者</title>
	</Record>
	<Record>
		<show_value>yes</show_value>
		<cross_item>project</cross_item>
		<user>超级管理员</user>
		<type>cross_count</type>
		<item>type</item>
		<data>software_requirement</data>
		<image>piecross:-:histogramcross:-:histogramrate</image>
		<title>交叉计数-类型-项目</title>
	</Record>
	<Record>
		<show_value>yes</show_value>
		<cross_item>project</cross_item>
		<user>超级管理员</user>
		<type>cross_count</type>
		<item>source</item>
		<data>software_requirement</data>
		<image>piecross:-:histogramcross:-:histogramrate</image>
		<title>交叉计数-来源-项目</title>
	</Record>
	<Record>
		<show_value>yes</show_value>
		<cross_item>project</cross_item>
		<user>超级管理员</user>
		<type>cross_count</type>
		<item>essentiality</item>
		<data>software_requirement</data>
		<image>piecross:-:histogramcross:-:histogramrate</image>
		<title>交叉计数-重要性-项目</title>
	</Record>
	<Record>
		<show_value>yes</show_value>
		<cross_item>project</cross_item>
		<user>超级管理员</user>
		<type>cross_count</type>
		<item>status</item>
		<data>software_requirement</data>
		<image>piecross:-:histogramcross:-:histogramrate</image>
		<title>交叉计数-状态-项目</title>
	</Record>
	<Record>
		<show_value>yes</show_value>
		<cross_item>type</cross_item>
		<user>超级管理员</user>
		<type>cross_count</type>
		<item>source</item>
		<data>software_requirement</data>
		<image>piecross:-:histogramcross:-:histogramrate</image>
		<title>交叉计数-来源-类型</title>
	</Record>
	<Record>
		<show_value>yes</show_value>
		<cross_item>type</cross_item>
		<user>超级管理员</user>
		<type>cross_count</type>
		<item>essentiality</item>
		<data>software_requirement</data>
		<image>piecross:-:histogramcross:-:histogramrate</image>
		<title>交叉计数-重要性-类型</title>
	</Record>
	<Record>
		<show_value>yes</show_value>
		<cross_item>type</cross_item>
		<user>超级管理员</user>
		<type>cross_count</type>
		<item>status</item>
		<data>software_requirement</data>
		<image>piecross:-:histogramcross:-:histogramrate</image>
		<title>交叉计数-状态-类型</title>
	</Record>
	<Record>
		<show_value>yes</show_value>
		<cross_item>status</cross_item>
		<user>超级管理员</user>
		<type>cross_count</type>
		<item>source</item>
		<data>software_requirement</data>
		<image>piecross:-:histogramcross:-:histogramrate</image>
		<title>交叉计数-来源-状态</title>
	</Record>
	<Record>
		<show_value>yes</show_value>
		<cross_item>status</cross_item>
		<user>超级管理员</user>
		<type>cross_count</type>
		<item>essentiality</item>
		<data>software_requirement</data>
		<image>piecross:-:histogramcross:-:histogramrate</image>
		<title>交叉计数-重要性-状态</title>
	</Record>
	<Record>
		<show_value>yes</show_value>
		<cross_item>source</cross_item>
		<user>超级管理员</user>
		<type>cross_count</type>
		<item>essentiality</item>
		<data>software_requirement</data>
		<image>piecross:-:histogramcross:-:histogramrate</image>
		<title>交叉计数-重要性-来源</title>
	</Record>
	<Record>
		<user>超级管理员</user>
		<type>count</type>
		<item>project</item>
		<data>testing_requirement</data>
		<image>piechart:-:histogram</image>
		<title>计数-项目</title>
	</Record>
	<Record>
		<user>超级管理员</user>
		<type>count</type>
		<item>type</item>
		<data>testing_requirement</data>
		<image>piechart:-:histogram</image>
		<title>计数-类型</title>
	</Record>
	<Record>
		<user>超级管理员</user>
		<type>count</type>
		<item>essentiality</item>
		<data>testing_requirement</data>
		<image>piechart:-:histogram</image>
		<title>计数-重要性</title>
	</Record>
	<Record>
		<user>超级管理员</user>
		<type>count</type>
		<item>level</item>
		<data>testing_requirement</data>
		<image>piechart:-:histogram</image>
		<title>计数-层级</title>
	</Record>
	<Record>
		<user>超级管理员</user>
		<type>count</type>
		<item>status</item>
		<data>testing_requirement</data>
		<image>piechart:-:histogram</image>
		<title>计数-状态</title>
	</Record>
	<Record>
		<user>超级管理员</user>
		<type>count</type>
		<item>status</item>
		<data>testing_requirement</data>
		<image>piechart:-:histogram</image>
		<title>计数-提交者</title>
	</Record>
	<Record>
		<show_value>yes</show_value>
		<cross_item>type</cross_item>
		<user>超级管理员</user>
		<type>cross_count</type>
		<item>project</item>
		<data>testing_requirement</data>
		<image>piecross:-:histogramcross:-:histogramrate</image>
		<title>交叉计数-项目-类型</title>
	</Record>
	<Record>
		<show_value>yes</show_value>
		<cross_item>project</cross_item>
		<user>超级管理员</user>
		<type>cross_count</type>
		<item>essentiality</item>
		<data>testing_requirement</data>
		<image>piecross:-:histogramcross:-:histogramrate</image>
		<title>交叉计数-重要性-项目</title>
	</Record>
	<Record>
		<show_value>yes</show_value>
		<cross_item>project</cross_item>
		<user>超级管理员</user>
		<type>cross_count</type>
		<item>level</item>
		<data>testing_requirement</data>
		<image>piecross:-:histogramcross:-:histogramrate</image>
		<title>交叉计数-层级-项目</title>
	</Record>
	<Record>
		<show_value>yes</show_value>
		<cross_item>project</cross_item>
		<user>超级管理员</user>
		<type>cross_count</type>
		<item>status</item>
		<data>testing_requirement</data>
		<image>piecross:-:histogramcross:-:histogramrate</image>
		<title>交叉计数-状态-项目</title>
	</Record>
	<Record>
		<show_value>yes</show_value>
		<cross_item>type</cross_item>
		<user>超级管理员</user>
		<type>cross_count</type>
		<item>essentiality</item>
		<data>testing_requirement</data>
		<image>piecross:-:histogramcross:-:histogramrate</image>
		<title>交叉计数-重要性-类型</title>
	</Record>
	<Record>
		<show_value>yes</show_value>
		<cross_item>essentiality</cross_item>
		<user>超级管理员</user>
		<type>cross_count</type>
		<item>level</item>
		<data>testing_requirement</data>
		<image>piecross:-:histogramcross:-:histogramrate</image>
		<title>交叉计数-层级-重要性</title>
	</Record>
	<Record>
		<show_value>yes</show_value>
		<cross_item>type</cross_item>
		<user>超级管理员</user>
		<type>cross_count</type>
		<item>status</item>
		<data>testing_requirement</data>
		<image>piecross:-:histogramcross:-:histogramrate</image>
		<title>交叉计数-状态-类型</title>
	</Record>
	<Record>
		<show_value>yes</show_value>
		<cross_item>essentiality</cross_item>
		<user>超级管理员</user>
		<type>cross_count</type>
		<item>status</item>
		<data>testing_requirement</data>
		<image>piecross:-:histogramcross:-:histogramrate</image>
		<title>交叉计数-状态-重要性</title>
	</Record>
	<Record>
		<show_value>yes</show_value>
		<cross_item>status</cross_item>
		<user>超级管理员</user>
		<type>cross_count</type>
		<item>level</item>
		<data>testing_requirement</data>
		<image>piecross:-:histogramcross:-:histogramrate</image>
		<title>交叉计数-层级-状态</title>
	</Record>
	<Record>
		<show_value>yes</show_value>
		<cross_item>type</cross_item>
		<user>超级管理员</user>
		<type>cross_count</type>
		<item>level</item>
		<data>testing_requirement</data>
		<image>piecross:-:histogramcross:-:histogramrate</image>
		<title>交叉计数-层级-类型</title>
	</Record>
	<Record>
		<user>超级管理员</user>
		<type>count</type>
		<item>status</item>
		<data>change_request</data>
		<image>piechart:-:histogram</image>
		<title>计数-状态</title>
	</Record>
	<Record>
		<user>超级管理员</user>
		<type>count</type>
		<item>type</item>
		<data>change_request</data>
		<image>piechart:-:histogram</image>
		<title>计数-类型</title>
	</Record>
	<Record>
		<show_value>yes</show_value>
		<cross_item>status</cross_item>
		<user>超级管理员</user>
		<type>cross_count</type>
		<item>type</item>
		<data>change_request</data>
		<image>piecross:-:histogramcross:-:histogramrate</image>
		<title>交叉计数-类型-状态</title>
	</Record>
	<Record>
		<user>超级管理员</user>
		<type>count</type>
		<item>apply_person</item>
		<data>change_request</data>
		<image>piechart:-:histogram</image>
		<title>计数-申请者</title>
	</Record>
	<Record>
		<user>超级管理员</user>
		<type>count</type>
		<item>project</item>
		<data>testing_result</data>
		<image>piechart:-:histogram</image>
		<title>计数-项目</title>
	</Record>
	<Record>
		<user>超级管理员</user>
		<type>count</type>
		<item>conclusion</item>
		<data>testing_result</data>
		<image>piechart:-:histogram</image>
		<title>计数-结论</title>
	</Record>
	<Record>
		<show_value>yes</show_value>
		<cross_item>project</cross_item>
		<user>超级管理员</user>
		<type>cross_count</type>
		<item>conclusion</item>
		<data>testing_result</data>
		<image>piecross:-:histogramcross:-:histogramrate</image>
		<title>交叉计数-结论-项目</title>
	</Record>
	<Record>
		<user>超级管理员</user>
		<type>count</type>
		<item>project</item>
		<data>testing_procedure</data>
		<image>piechart:-:histogram</image>
		<title>计数-项目</title>
	</Record>
	<Record>
		<user>超级管理员</user>
		<type>count</type>
		<item>type</item>
		<data>testing_procedure</data>
		<image>piechart:-:histogram</image>
		<title>计数-类型</title>
	</Record>
	<Record>
		<user>超级管理员</user>
		<type>count</type>
		<item>essentiality</item>
		<data>testing_procedure</data>
		<image>piechart:-:histogram</image>
		<title>计数-重要性</title>
	</Record>
	<Record>
		<user>超级管理员</user>
		<type>count</type>
		<item>level</item>
		<data>testing_procedure</data>
		<image>piechart:-:histogram</image>
		<title>计数-层级</title>
	</Record>
	<Record>
		<user>超级管理员</user>
		<type>count</type>
		<item>status</item>
		<data>testing_procedure</data>
		<image>piechart:-:histogram</image>
		<title>计数-状态</title>
	</Record>
	<Record>
		<show_value>yes</show_value>
		<cross_item>type</cross_item>
		<user>超级管理员</user>
		<type>cross_count</type>
		<item>project</item>
		<data>testing_procedure</data>
		<image>piecross:-:histogramcross:-:histogramrate</image>
		<title>交叉计数-项目-类型</title>
	</Record>
	<Record>
		<show_value>yes</show_value>
		<cross_item>essentiality</cross_item>
		<user>超级管理员</user>
		<type>cross_count</type>
		<item>project</item>
		<data>testing_procedure</data>
		<image>piecross:-:histogramcross:-:histogramrate</image>
		<title>交叉计数-项目-重要性</title>
	</Record>
	<Record>
		<show_value>yes</show_value>
		<cross_item>level</cross_item>
		<user>超级管理员</user>
		<type>cross_count</type>
		<item>project</item>
		<data>testing_procedure</data>
		<image>piecross:-:histogramcross:-:histogramrate</image>
		<title>交叉计数-项目-层级</title>
	</Record>
	<Record>
		<show_value>yes</show_value>
		<cross_item>status</cross_item>
		<user>超级管理员</user>
		<type>cross_count</type>
		<item>project</item>
		<data>testing_procedure</data>
		<image>piecross:-:histogramcross:-:histogramrate</image>
		<title>交叉计数-项目-状态</title>
	</Record>
	<Record>
		<show_value>yes</show_value>
		<cross_item>type</cross_item>
		<user>超级管理员</user>
		<type>cross_count</type>
		<item>essentiality</item>
		<data>testing_procedure</data>
		<image>piecross:-:histogramcross:-:histogramrate</image>
		<title>交叉计数-重要性-类型</title>
	</Record>
	<Record>
		<show_value>yes</show_value>
		<cross_item>type</cross_item>
		<user>超级管理员</user>
		<type>cross_count</type>
		<item>level</item>
		<data>testing_procedure</data>
		<image>piecross:-:histogramcross:-:histogramrate</image>
		<title>交叉计数-层级-类型</title>
	</Record>
	<Record>
		<show_value>yes</show_value>
		<cross_item>type</cross_item>
		<user>超级管理员</user>
		<type>cross_count</type>
		<item>status</item>
		<data>testing_procedure</data>
		<image>piecross:-:histogramcross:-:histogramrate</image>
		<title>交叉计数-状态-类型</title>
	</Record>
	<Record>
		<show_value>yes</show_value>
		<cross_item>essentiality</cross_item>
		<user>超级管理员</user>
		<type>cross_count</type>
		<item>level</item>
		<data>testing_procedure</data>
		<image>piecross:-:histogramcross:-:histogramrate</image>
		<title>交叉计数-层级-重要性</title>
	</Record>
	<Record>
		<show_value>yes</show_value>
		<cross_item>status</cross_item>
		<user>超级管理员</user>
		<type>cross_count</type>
		<item>level</item>
		<data>testing_procedure</data>
		<image>piecross:-:histogramcross:-:histogramrate</image>
		<title>交叉计数-层级-状态</title>
	</Record>
	<Record>
		<show_value>yes</show_value>
		<cross_item>status</cross_item>
		<user>超级管理员</user>
		<type>cross_count</type>
		<item>essentiality</item>
		<data>testing_procedure</data>
		<image>piecross:-:histogramcross:-:histogramrate</image>
		<title>交叉计数-重要性-状态</title>
	</Record>
	<Record>
		<user>超级管理员</user>
		<type>count</type>
		<item>scope</item>
		<data>meeting_summary</data>
		<image>piechart:-:histogram</image>
		<title>计数-范围</title>
	</Record>
	<Record>
		<user>超级管理员</user>
		<type>count</type>
		<item>type</item>
		<data>meeting_summary</data>
		<image>piechart:-:histogram</image>
		<title>计数-类型</title>
	</Record>
	<Record>
		<show_value>yes</show_value>
		<cross_item>scope</cross_item>
		<user>超级管理员</user>
		<type>cross_count</type>
		<item>type</item>
		<data>meeting_summary</data>
		<image>piecross:-:histogramcross:-:histogramrate</image>
		<title>交叉计数-类型-范围</title>
	</Record>
	<Record>
		<user>超级管理员</user>
		<type>count</type>
		<item>type</item>
		<data>share_resource</data>
		<image>piechart:-:histogram</image>
		<title>计数-类型</title>
	</Record>
	<Record>
		<user>超级管理员</user>
		<type>count</type>
		<item>commit_person</item>
		<data>share_resource</data>
		<image>piechart:-:histogram</image>
		<title>计数-提交者</title>
	</Record>
	<Record>
		<show_value>yes</show_value>
		<cross_item>commit_person</cross_item>
		<user>超级管理员</user>
		<type>cross_count</type>
		<item>type</item>
		<data>share_resource</data>
		<image>piecross:-:histogramcross:-:histogramrate</image>
		<title>交叉计数-类型-提交者</title>
	</Record>
	<Record>
		<user>超级管理员</user>
		<type>count</type>
		<item>type</item>
		<data>inform</data>
		<image>piechart:-:histogram</image>
		<title>计数-类型</title>
	</Record>
	<Record>
		<user>超级管理员</user>
		<type>count</type>
		<item>importance</item>
		<data>inform</data>
		<image>piechart:-:histogram</image>
		<title>计数-重要性</title>
	</Record>
	<Record>
		<show_value>yes</show_value>
		<cross_item>importance</cross_item>
		<user>超级管理员</user>
		<type>cross_count</type>
		<item>type</item>
		<data>inform</data>
		<image>piecross:-:histogramcross:-:histogramrate</image>
		<title>交叉计数-类型-重要性</title>
	</Record>
	<Record>
		<user>超级管理员</user>
		<type>count</type>
		<item>sex</item>
		<data>user</data>
		<image>piechart:-:histogram</image>
		<title>计数-性别</title>
	</Record>
	<Record>
		<user>超级管理员</user>
		<type>count</type>
		<item>operation</item>
		<data>data_audit</data>
		<image>piechart:-:histogram</image>
		<title>计数-操作</title>
	</Record>
	<Record>
		<user>超级管理员</user>
		<type>count</type>
		<item>data</item>
		<data>data_audit</data>
		<image>piechart:-:histogram</image>
		<title>计数-数据</title>
	</Record>
	<Record>
		<user>超级管理员</user>
		<type>count</type>
		<item>who</item>
		<data>data_audit</data>
		<image>piechart:-:histogram</image>
		<title>计数-谁</title>
	</Record>
	<Record>
		<user>超级管理员</user>
		<type>count</type>
		<item>result</item>
		<data>data_audit</data>
		<image>piechart:-:histogram</image>
		<title>计数-结果</title>
	</Record>
	<Record>
		<show_value>yes</show_value>
		<cross_item>data</cross_item>
		<user>超级管理员</user>
		<type>cross_count</type>
		<item>operation</item>
		<data>data_audit</data>
		<image>piecross:-:histogramcross:-:histogramrate</image>
		<title>交叉计数-操作-数据</title>
	</Record>
	<Record>
		<show_value>yes</show_value>
		<cross_item>who</cross_item>
		<user>超级管理员</user>
		<type>cross_count</type>
		<item>operation</item>
		<data>data_audit</data>
		<image>piecross:-:histogramcross:-:histogramrate</image>
		<title>交叉计数-操作-谁</title>
	</Record>
	<Record>
		<show_value>yes</show_value>
		<cross_item>who</cross_item>
		<user>超级管理员</user>
		<type>cross_count</type>
		<item>data</item>
		<data>data_audit</data>
		<image>piecross:-:histogramcross:-:histogramrate</image>
		<title>交叉计数-数据-谁</title>
	</Record>
	<Record>
		<user>超级管理员</user>
		<type>count</type>
		<item>project</item>
		<data>project_stage</data>
		<image>piechart:-:histogram</image>
		<title>计数-项目</title>
	</Record>
	<Record>
		<user>超级管理员</user>
		<type>count</type>
		<item>project_stage</item>
		<data>project_task</data>
		<image>piechart:-:histogram</image>
		<title>计数-项目阶段</title>
	</Record>
	<Record>
		<user>超级管理员</user>
		<type>count</type>
		<item>type</item>
		<data>project_task</data>
		<image>piechart:-:histogram</image>
		<title>计数-类型</title>
	</Record>
	<Record>
		<user>超级管理员</user>
		<type>count</type>
		<item>type</item>
		<data>risk_analysis</data>
		<image>piechart:-:histogram</image>
		<title>计数-类型</title>
	</Record>
	<Record>
		<user>超级管理员</user>
		<type>count</type>
		<item>probability</item>
		<data>risk_analysis</data>
		<image>piechart:-:histogram</image>
		<title>计数-可能性</title>
	</Record>
	<Record>
		<user>超级管理员</user>
		<type>count</type>
		<item>severity</item>
		<data>risk_analysis</data>
		<image>piechart:-:histogram</image>
		<title>计数-严重性</title>
	</Record>
	<Record>
		<user>超级管理员</user>
		<type>count</type>
		<item>priority</item>
		<data>risk_analysis</data>
		<image>piechart:-:histogram</image>
		<title>计数-优先级</title>
	</Record>
	<Record>
		<user>超级管理员</user>
		<type>count</type>
		<item>project_task</item>
		<data>working_log</data>
		<image>piechart:-:histogram</image>
		<title>计数-项目任务 </title>
	</Record>
</DataValues>
