<?xml version="1.0" encoding="UTF-8"?>
<DataValues>
	<Record>
		<order>descending</order>
		<color>name:v:h-v:h:type:v:h-v:h:错误:v:h-v:h:FFDDDD:v:h-v:h:未实现:v:h-v:h:DDDDFF:v:h-v:h:增强:v:h-v:h:DDFFFF:v:h-v:h:用户反馈:v:h-v:h:FFFF99:v:h-v:h:建议:v:h-v:h:FFDD99:v:h-v:h:others:v:h-v:h:EEEEEE</color>
		<items>project:-:title:-:status:-:type:-:object:-:priority:-:assigned_to:-:last_changed_time:-:</items>
		<user>超级管理员</user>
		<sort>status</sort>
		<style>表格</style>
		<data>problem_report</data>
		<title>按类型区分</title>
	</Record>
	<Record>
		<order>descending</order>
		<color>name:v:h-v:h:object:v:h-v:h:需求:v:h-v:h:DDDDFF:v:h-v:h:设计:v:h-v:h:DDFFFF:v:h-v:h:测试:v:h-v:h:DDFFDD:v:h-v:h:文档:v:h-v:h:FFDDFF:v:h-v:h:代码:v:h-v:h:FFDDDD:v:h-v:h:数据:v:h-v:h:FFFF99:v:h-v:h:数据库:v:h-v:h:FFDD99:v:h-v:h:others:v:h-v:h:EEEEEE</color>
		<items>project:-:title:-:status:-:type:-:object:-:priority:-:assigned_to:-:last_changed_time:-:</items>
		<user>超级管理员</user>
		<sort>status</sort>
		<style>表格</style>
		<data>problem_report</data>
		<title>按对象区分</title>
	</Record>
	<Record>
		<order>descending</order>
		<color>name:v:h-v:h:essentiality:v:h-v:h:低:v:h-v:h:DDDDFF:v:h-v:h:高:v:h-v:h:FFDDDD:v:h-v:h:中等:v:h-v:h:FFDD99:v:h-v:h:others:v:h-v:h:EEEEEE</color>
		<items>project:-:title:-:type:-:essentiality:-:level:-:status:-:last_changed_time:-:</items>
		<user>超级管理员</user>
		<sort>type</sort>
		<style>表格</style>
		<data>testing_requirement</data>
		<title>按重要性区分</title>
	</Record>
	<Record>
		<order>descending</order>
		<color>name:v:h-v:h:level:v:h-v:h:系统:v:h-v:h:FFDDDD:v:h-v:h:部件:v:h-v:h:FFFF99:v:h-v:h:单元:v:h-v:h:DDFFDD:v:h-v:h:others:v:h-v:h:EEEEEE</color>
		<items>project:-:title:-:type:-:essentiality:-:level:-:status:-:last_changed_time:-:</items>
		<user>超级管理员</user>
		<sort>status</sort>
		<style>表格</style>
		<data>testing_requirement</data>
		<title>按层级区分</title>
	</Record>
	<Record>
		<order>descending</order>
		<color>name:v:h-v:h:essentiality:v:h-v:h:低:v:h-v:h:DDDDFF:v:h-v:h:高:v:h-v:h:FFDDDD:v:h-v:h:中等:v:h-v:h:FFDD99:v:h-v:h:others:v:h-v:h:EEEEEE</color>
		<items>project:-:title:-:type:-:source:-:essentiality:-:status:-:last_changed_time:-:</items>
		<user>超级管理员</user>
		<sort>status</sort>
		<style>表格</style>
		<data>software_requirement</data>
		<title>按重要性区分</title>
	</Record>
	<Record>
		<color>name:v:h-v:h:essentiality:v:h-v:h:高:v:h-v:h:FFDDDD:v:h-v:h:中等:v:h-v:h:FFDD99:v:h-v:h:低:v:h-v:h:DDDDFF:v:h-v:h:others:v:h-v:h:EEEEEE</color>
		<items>project:-:title:-:type:-:essentiality:-:level:-:status:-:last_changed_time:-:</items>
		<user>超级管理员</user>
		<style>表格</style>
		<data>testing_procedure</data>
		<title>按重要性区分</title>
	</Record>
	<Record>
		<color>name:v:h-v:h:level:v:h-v:h:系统:v:h-v:h:FFDDDD:v:h-v:h:部件:v:h-v:h:FFFF99:v:h-v:h:单元:v:h-v:h:DDFFDD:v:h-v:h:others:v:h-v:h:EEEEEE</color>
		<items>project:-:title:-:type:-:essentiality:-:level:-:status:-:last_changed_time:-:</items>
		<user>超级管理员</user>
		<style>表格</style>
		<data>testing_procedure</data>
		<title>按层级区分</title>
	</Record>
	<Record>
		<order>descending</order>
		<color>name:v:h-v:h:type:v:h-v:h:开始:v:h-v:h:FFDDFF:v:h-v:h:注意:v:h-v:h:FFFF99:v:h-v:h:结论:v:h-v:h:FFDD99:v:h-v:h:进行:v:h-v:h:DDDDFF:v:h-v:h:完成:v:h-v:h:DDFFDD:v:h-v:h:疑问:v:h-v:h:FFDDDD:v:h-v:h:others:v:h-v:h:EEEEEE</color>
		<items>time:-:type:-:description:-:</items>
		<user>超级管理员</user>
		<sort>time</sort>
		<style>表单</style>
		<data>see_log</data>
		<title>编译</title>
	</Record>
</DataValues>
