<?xml version="1.0" encoding="UTF-8"?>
<DataSet>
  <type>table</type>
  <keyCanModify>no</keyCanModify>
  <defaultOrder>ascending</defaultOrder>
  <defaultColor>name:v:h-v:h:type:v:h-v:h:src_code:v:h-v:h:FFDDDD:v:h-v:h:bin_code:v:h-v:h:FFDD99:v:h-v:h:library_code:v:h-v:h:FFFF99:v:h-v:h:data:v:h-v:h:DDFFDD:v:h-v:h:testing_code:v:h-v:h:DDFFFF:v:h-v:h:testing_data:v:h-v:h:DDDDFF:v:h-v:h:others:v:h-v:h:EEEEEE</defaultColor>
  <keys>configuration_code</keys>
  <notNullItems>title:-:type</notNullItems>
  <showItems>configuration_code:-:project:-:title:-:type:-:bytes:-:configuration_time:-:last_changed_time</showItems>
  <operation>add:-:insert:-:copy:-:import:-:remove:-:modify:-:batch_modify:-:query:-:statistic:-:audit:-:select</operation>
  <items>
    <DataItem>
      <identify>configuration_code</identify>
      <type>string</type>
      <defaultValue>CG-</defaultValue>
      <valueTranslated>no</valueTranslated>
      <editControllerType>text</editControllerType>
    </DataItem>
    <DataItem>
      <identify>project</identify>
      <type>string</type>
      <valueTranslated>no</valueTranslated>
      <valueConstraintType>ref_solo</valueConstraintType>
      <valueConstraint>project</valueConstraint>
      <editControllerType>text</editControllerType>
    </DataItem>
    <DataItem>
      <identify>title</identify>
      <type>string</type>
      <valueTranslated>no</valueTranslated>
      <editControllerType>text</editControllerType>
    </DataItem>
    <DataItem>
      <identify>type</identify>
      <type>string</type>
      <defaultValue>src_code</defaultValue>
      <valueTranslated>yes</valueTranslated>
      <valueConstraintType>solo</valueConstraintType>
      <valueConstraint>src_code:-:bin_code:-:library_code:-:data:-:testing_code:-:testing_data:-:others</valueConstraint>
      <editControllerType>radio</editControllerType>
    </DataItem>
    <DataItem>
      <identify>author</identify>
      <type>string</type>
      <valueTranslated>no</valueTranslated>
      <valueConstraintType>ref_multi</valueConstraintType>
      <valueConstraint>user</valueConstraint>
      <editControllerType>text</editControllerType>
    </DataItem>
    <DataItem>
      <identify>version</identify>
      <type>string</type>
      <defaultValue>V1.0</defaultValue>
      <valueTranslated>no</valueTranslated>
      <editControllerType>text</editControllerType>
    </DataItem>
    <DataItem>
      <identify>lines</identify>
      <type>int</type>
      <valueTranslated>no</valueTranslated>
      <editControllerType>text</editControllerType>
    </DataItem>
    <DataItem>
      <identify>bytes</identify>
      <type>int</type>
      <unitage>KB</unitage>
      <valueTranslated>no</valueTranslated>
      <editControllerType>text</editControllerType>
    </DataItem>
    <DataItem>
      <identify>commit_person</identify>
      <type>string</type>
      <valueTranslated>no</valueTranslated>
      <valueConstraintType>ref_solo</valueConstraintType>
      <valueConstraint>user</valueConstraint>
      <editControllerType>text</editControllerType>
    </DataItem>
    <DataItem>
      <identify>authorizer</identify>
      <type>string</type>
      <valueTranslated>no</valueTranslated>
      <valueConstraintType>ref_solo</valueConstraintType>
      <valueConstraint>user</valueConstraint>
      <editControllerType>text</editControllerType>
    </DataItem>
    <DataItem>
      <identify>configuration_functionary</identify>
      <type>string</type>
      <valueTranslated>no</valueTranslated>
      <valueConstraintType>ref_solo</valueConstraintType>
      <valueConstraint>user</valueConstraint>
      <editControllerType>text</editControllerType>
    </DataItem>
    <DataItem>
      <identify>configuration_time</identify>
      <type>time</type>
      <valueTranslated>no</valueTranslated>
      <editControllerType>text</editControllerType>
    </DataItem>
    <DataItem>
      <identify>description</identify>
      <type>string</type>
      <valueTranslated>no</valueTranslated>
      <editControllerType>textarea</editControllerType>
    </DataItem>
    <DataItem>
      <identify>relative_doc</identify>
      <type>string</type>
      <valueTranslated>no</valueTranslated>
      <valueConstraintType>ref_multi</valueConstraintType>
      <valueConstraint>document_register</valueConstraint>
      <editControllerType>text</editControllerType>
    </DataItem>
    <DataItem>
      <identify>relative_code</identify>
      <type>string</type>
      <valueTranslated>no</valueTranslated>
      <valueConstraintType>ref_multi</valueConstraintType>
      <valueConstraint>code_register</valueConstraint>
      <editControllerType>text</editControllerType>
    </DataItem>
    <DataItem>
      <identify>register_person</identify>
      <type>string</type>
      <valueTranslated>no</valueTranslated>
      <valueConstraintType>creatuser</valueConstraintType>
      <editControllerType>text</editControllerType>
    </DataItem>
    <DataItem>
      <identify>register_time</identify>
      <type>time</type>
      <valueTranslated>no</valueTranslated>
      <valueConstraintType>creattime</valueConstraintType>
      <editControllerType>text</editControllerType>
    </DataItem>
    <DataItem>
      <identify>last_changed_person</identify>
      <type>string</type>
      <valueTranslated>no</valueTranslated>
      <valueConstraintType>currentuser</valueConstraintType>
      <editControllerType>text</editControllerType>
    </DataItem>
    <DataItem>
      <identify>last_changed_time</identify>
      <type>time</type>
      <size>0</size>
      <valueTranslated>no</valueTranslated>
      <valueConstraintType>currenttime</valueConstraintType>
      <editControllerType>text</editControllerType>
    </DataItem>
  </items>
</DataSet>
