<?xml version="1.0" encoding="UTF-8"?>
<DataSet>
  <type>matrix</type>
  <keyCanModify>yes</keyCanModify>
  <defaultOrder>ascending</defaultOrder>
  <matrixValues>plan:r:t-r:t:actual</matrixValues>
  <keys>configuration_code</keys>
  <notNullItems>title</notNullItems>
  <showItems>configuration_code:-:project:-:title</showItems>
  <operation>add:-:insert:-:copy:-:import:-:remove:-:modify:-:batch_modify:-:query:-:statistic:-:audit:-:select</operation>
  <items>
    <DataItem>
      <type>string</type>
      <defaultValue>applying</defaultValue>
      <valueTranslated>yes</valueTranslated>
      <valueConstraintType>solo</valueConstraintType>
      <valueConstraint>applying:-:approved:-:requirement:-:design:-:implementing:-:testing:-:validated:-:maintenance:-:denied</valueConstraint>
      <editControllerType>radio</editControllerType>
    </DataItem>
    <DataItem>
      <identify>configuration_code</identify>
      <type>string</type>
      <defaultValue>P-SEE-</defaultValue>
      <valueTranslated>no</valueTranslated>
      <editControllerType>text</editControllerType>
    </DataItem>
    <DataItem>
      <identify>project</identify>
      <type>string</type>
      <valueTranslated>no</valueTranslated>
      <valueConstraintType>ref_solo</valueConstraintType>
      <valueConstraint>project</valueConstraint>
      <editControllerType>text</editControllerType>
    </DataItem>
    <DataItem>
      <identify>title</identify>
      <type>string</type>
      <valueTranslated>no</valueTranslated>
      <editControllerType>text</editControllerType>
    </DataItem>
    <DataItem>
      <identify>member</identify>
      <type>string</type>
      <valueTranslated>no</valueTranslated>
      <valueConstraintType>ref_multi</valueConstraintType>
      <valueConstraint>user</valueConstraint>
      <editControllerType>text</editControllerType>
    </DataItem>
    <DataItem>
      <identify>description</identify>
      <type>string</type>
      <size>0</size>
      <valueTranslated>no</valueTranslated>
      <editControllerType>textarea</editControllerType>
    </DataItem>
    <DataItem>
      <identify>start_date</identify>
      <type>date</type>
      <editWidth>12</editWidth>
      <valueTranslated>no</valueTranslated>
      <editControllerType>text</editControllerType>
      <ismatrix>yes</ismatrix>
    </DataItem>
    <DataItem>
      <identify>end_date</identify>
      <type>date</type>
      <editWidth>12</editWidth>
      <valueTranslated>no</valueTranslated>
      <editControllerType>text</editControllerType>
      <ismatrix>yes</ismatrix>
    </DataItem>
    <DataItem>
      <identify>staff_number</identify>
      <type>int</type>
      <editWidth>8</editWidth>
      <valueTranslated>no</valueTranslated>
      <editControllerType>text</editControllerType>
      <ismatrix>yes</ismatrix>
    </DataItem>
    <DataItem>
      <identify>size</identify>
      <type>int</type>
      <editWidth>8</editWidth>
      <valueTranslated>no</valueTranslated>
      <editControllerType>text</editControllerType>
      <ismatrix>yes</ismatrix>
    </DataItem>
    <DataItem>
      <identify>effort</identify>
      <type>int</type>
      <unitage>person_month</unitage>
      <editWidth>8</editWidth>
      <valueTranslated>no</valueTranslated>
      <editControllerType>text</editControllerType>
      <ismatrix>yes</ismatrix>
    </DataItem>
    <DataItem>
      <identify>cost</identify>
      <type>int</type>
      <unitage>yuan</unitage>
      <editWidth>8</editWidth>
      <valueTranslated>no</valueTranslated>
      <editControllerType>text</editControllerType>
      <ismatrix>yes</ismatrix>
    </DataItem>
    <DataItem>
      <identify>input</identify>
      <type>string</type>
      <valueTranslated>no</valueTranslated>
      <editControllerType>textarea</editControllerType>
    </DataItem>
    <DataItem>
      <identify>output</identify>
      <type>string</type>
      <valueTranslated>no</valueTranslated>
      <editControllerType>textarea</editControllerType>
    </DataItem>
    <DataItem>
      <identify>relative_doc</identify>
      <type>string</type>
      <valueTranslated>no</valueTranslated>
      <valueConstraintType>ref_multi</valueConstraintType>
      <valueConstraint>document_register</valueConstraint>
      <editControllerType>text</editControllerType>
    </DataItem>
    <DataItem>
      <identify>relative_code</identify>
      <type>string</type>
      <valueTranslated>no</valueTranslated>
      <valueConstraintType>ref_multi</valueConstraintType>
      <valueConstraint>code_register</valueConstraint>
      <editControllerType>text</editControllerType>
    </DataItem>
    <DataItem>
      <identify>relative_person</identify>
      <type>string</type>
      <valueTranslated>no</valueTranslated>
      <valueConstraintType>ref_multi</valueConstraintType>
      <valueConstraint>user</valueConstraint>
      <editControllerType>text</editControllerType>
    </DataItem>
    <DataItem>
      <identify>commit_person</identify>
      <type>string</type>
      <valueTranslated>no</valueTranslated>
      <valueConstraintType>creatuser</valueConstraintType>
      <editControllerType>text</editControllerType>
    </DataItem>
    <DataItem>
      <identify>commit_time</identify>
      <type>time</type>
      <valueTranslated>no</valueTranslated>
      <valueConstraintType>creattime</valueConstraintType>
      <editControllerType>text</editControllerType>
    </DataItem>
    <DataItem>
      <identify>last_changed_person</identify>
      <type>string</type>
      <valueTranslated>no</valueTranslated>
      <valueConstraintType>currentuser</valueConstraintType>
      <editControllerType>text</editControllerType>
    </DataItem>
    <DataItem>
      <identify>last_changed_time</identify>
      <type>time</type>
      <valueTranslated>no</valueTranslated>
      <valueConstraintType>currenttime</valueConstraintType>
      <editControllerType>text</editControllerType>
    </DataItem>
  </items>
</DataSet>
