<?xml version="1.0" encoding="UTF-8"?>
<DataSet>
  <keyCanModify>no</keyCanModify>
  <defaultOrder>ascending</defaultOrder>
  <keys>id</keys>
  <showItems>data:-:operation:-:who:-:when:-:where:-:result</showItems>
  <operation>import:-:remove:-:query:-:statistic:-:audit:-:select</operation>
  <items>
    <DataItem>
      <identify>id</identify>
      <type>auto</type>
    </DataItem>
    <DataItem>
      <identify>data</identify>
      <type>string</type>
      <editControllerType>radio</editControllerType>
    </DataItem>
    <DataItem>
      <identify>operation</identify>
      <type>string</type>
      <editControllerType>radio</editControllerType>
    </DataItem>
    <DataItem>
      <identify>keys</identify>
      <type>string</type>
    </DataItem>
    <DataItem>
      <identify>old_values</identify>
      <type>string</type>
    </DataItem>
    <DataItem>
      <identify>new_values</identify>
      <type>string</type>
    </DataItem>
    <DataItem>
      <identify>who</identify>
      <type>string</type>
      <valueConstraintType>creatuser</valueConstraintType>
    </DataItem>
    <DataItem>
      <identify>when</identify>
      <type>time</type>
      <valueConstraintType>currenttime</valueConstraintType>
    </DataItem>
    <DataItem>
      <identify>where</identify>
      <type>string</type>
      <valueConstraintType>ip</valueConstraintType>
    </DataItem>
    <DataItem>
      <identify>result</identify>
      <type>string</type>
    </DataItem>
    <DataItem>
      <identify>description</identify>
      <type>string</type>
    </DataItem>
  </items>
</DataSet>
