<?xml version="1.0" encoding="UTF-8"?>
<DataSet>
  <type>matrix</type>
  <keyCanModify>no</keyCanModify>
  <defaultOrder>ascending</defaultOrder>
  <defaultColor>name:v:h-v:h:status:v:h-v:h:applying:v:h-v:h:FFDDDD:v:h-v:h:authorized:v:h-v:h:FFDD99:v:h-v:h:review:v:h-v:h:FFFF99:v:h-v:h:implemented:v:h-v:h:DDFFDD:v:h-v:h:denied:v:h-v:h:DDFFFF:v:h-v:h:defer:v:h-v:h:DDDDFF:v:h-v:h:others:v:h-v:h:EEEEEE</defaultColor>
  <matrixValues>commit:r:t-r:t:review:r:t-r:t:authorized:r:t-r:t:denied:r:t-r:t:implemented:r:t-r:t:validated:r:t-r:t:defer:r:t-r:t:closed</matrixValues>
  <keys>configuration_code</keys>
  <notNullItems>status:-:type:-:reason:-:apply_person</notNullItems>
  <showItems>configuration_code:-:status:-:type:-:apply_person:-:last_changed_time</showItems>
  <operation>add:-:insert:-:copy:-:import:-:remove:-:modify:-:batch_modify:-:query:-:statistic:-:audit:-:select</operation>
  <items>
    <DataItem>
      <identify>configuration_code</identify>
      <type>string</type>
      <defaultValue>CR-</defaultValue>
      <valueTranslated>no</valueTranslated>
      <editControllerType>text</editControllerType>
    </DataItem>
    <DataItem>
      <type>string</type>
      <defaultValue>applying</defaultValue>
      <valueTranslated>yes</valueTranslated>
      <valueConstraintType>solo</valueConstraintType>
      <valueConstraint>applying:-:review:-:pass:-:denied:-:defer</valueConstraint>
      <editControllerType>radio</editControllerType>
    </DataItem>
    <DataItem>
      <identify>project</identify>
      <type>string</type>
      <valueTranslated>no</valueTranslated>
      <valueConstraintType>ref_solo</valueConstraintType>
      <valueConstraint>project</valueConstraint>
      <editControllerType>text</editControllerType>
    </DataItem>
    <DataItem>
      <identify>title</identify>
      <type>string</type>
      <valueTranslated>no</valueTranslated>
      <editControllerType>text</editControllerType>
    </DataItem>
    <DataItem>
      <identify>status</identify>
      <type>string</type>
      <defaultValue>applying</defaultValue>
      <valueTranslated>yes</valueTranslated>
      <valueConstraintType>solo</valueConstraintType>
      <valueConstraint>applying:-:review:-:authorized:-:denied:-:implemented:-:validated:-:defer:-:closed</valueConstraint>
      <editControllerType>radio</editControllerType>
    </DataItem>
    <DataItem>
      <identify>type</identify>
      <type>string</type>
      <defaultValue>document</defaultValue>
      <valueTranslated>yes</valueTranslated>
      <valueConstraintType>multi</valueConstraintType>
      <valueConstraint>document:-:code</valueConstraint>
      <editControllerType>check</editControllerType>
    </DataItem>
    <DataItem>
      <identify>document</identify>
      <type>string</type>
      <valueTranslated>no</valueTranslated>
      <valueConstraintType>ref_multi</valueConstraintType>
      <valueConstraint>document_register</valueConstraint>
      <editControllerType>text</editControllerType>
    </DataItem>
    <DataItem>
      <identify>code</identify>
      <type>string</type>
      <valueTranslated>no</valueTranslated>
      <valueConstraintType>ref_multi</valueConstraintType>
      <valueConstraint>code_register</valueConstraint>
      <editControllerType>text</editControllerType>
    </DataItem>
    <DataItem>
      <identify>reason</identify>
      <type>string</type>
      <size>0</size>
      <valueTranslated>no</valueTranslated>
      <editControllerType>textarea</editControllerType>
    </DataItem>
    <DataItem>
      <identify>change_content</identify>
      <type>string</type>
      <valueTranslated>no</valueTranslated>
      <editControllerType>textarea</editControllerType>
    </DataItem>
    <DataItem>
      <identify>effect_analysis</identify>
      <type>string</type>
      <valueTranslated>no</valueTranslated>
      <editControllerType>textarea</editControllerType>
    </DataItem>
    <DataItem>
      <identify>plan_effort</identify>
      <type>int</type>
      <unitage>person_day</unitage>
      <valueTranslated>no</valueTranslated>
      <editControllerType>text</editControllerType>
    </DataItem>
    <DataItem>
      <identify>plan_cost</identify>
      <type>int</type>
      <unitage>yuan</unitage>
      <valueTranslated>no</valueTranslated>
      <editControllerType>text</editControllerType>
    </DataItem>
    <DataItem>
      <identify>apply_person</identify>
      <type>string</type>
      <valueTranslated>no</valueTranslated>
      <valueConstraintType>ref_solo</valueConstraintType>
      <valueConstraint>user</valueConstraint>
      <editControllerType>text</editControllerType>
    </DataItem>
    <DataItem>
      <identify>attachment</identify>
      <type>string</type>
      <valueTranslated>no</valueTranslated>
      <valueConstraintType>file</valueConstraintType>
      <editControllerType>text</editControllerType>
    </DataItem>
    <DataItem>
      <identify>commit_time</identify>
      <type>time</type>
      <valueTranslated>no</valueTranslated>
      <editControllerType>text</editControllerType>
    </DataItem>
    <DataItem>
      <identify>relative_doc</identify>
      <type>string</type>
      <valueTranslated>no</valueTranslated>
      <valueConstraintType>ref_multi</valueConstraintType>
      <valueConstraint>document_register</valueConstraint>
      <editControllerType>text</editControllerType>
    </DataItem>
    <DataItem>
      <identify>relative_code</identify>
      <type>string</type>
      <valueTranslated>no</valueTranslated>
      <valueConstraintType>ref_multi</valueConstraintType>
      <valueConstraint>code_register</valueConstraint>
      <editControllerType>text</editControllerType>
    </DataItem>
    <DataItem>
      <identify>relative_person</identify>
      <type>string</type>
      <valueTranslated>no</valueTranslated>
      <valueConstraintType>ref_multi</valueConstraintType>
      <valueConstraint>user</valueConstraint>
      <editControllerType>text</editControllerType>
    </DataItem>
    <DataItem>
      <identify>supervisor</identify>
      <type>string</type>
      <valueTranslated>no</valueTranslated>
      <valueConstraintType>ref_solo</valueConstraintType>
      <valueConstraint>user</valueConstraint>
      <editControllerType>text</editControllerType>
    </DataItem>
    <DataItem>
      <identify>actual_effort</identify>
      <type>int</type>
      <unitage>person_day</unitage>
      <valueTranslated>no</valueTranslated>
      <editControllerType>text</editControllerType>
    </DataItem>
    <DataItem>
      <identify>actual_cost</identify>
      <type>int</type>
      <unitage>yuan</unitage>
      <valueTranslated>no</valueTranslated>
      <editControllerType>text</editControllerType>
    </DataItem>
    <DataItem>
      <identify>testing_result</identify>
      <type>string</type>
      <valueTranslated>no</valueTranslated>
      <valueConstraintType>ref_multi</valueConstraintType>
      <valueConstraint>testing_result</valueConstraint>
      <editControllerType>text</editControllerType>
    </DataItem>
    <DataItem>
      <identify>conclusion</identify>
      <type>string</type>
      <valueTranslated>no</valueTranslated>
      <editControllerType>textarea</editControllerType>
    </DataItem>
    <DataItem>
      <identify>register_person</identify>
      <type>string</type>
      <valueTranslated>no</valueTranslated>
      <valueConstraintType>creatuser</valueConstraintType>
      <editControllerType>text</editControllerType>
    </DataItem>
    <DataItem>
      <identify>register_time</identify>
      <type>time</type>
      <valueTranslated>no</valueTranslated>
      <valueConstraintType>creattime</valueConstraintType>
      <editControllerType>text</editControllerType>
    </DataItem>
    <DataItem>
      <identify>last_changed_person</identify>
      <type>string</type>
      <valueTranslated>no</valueTranslated>
      <valueConstraintType>currentuser</valueConstraintType>
      <editControllerType>text</editControllerType>
    </DataItem>
    <DataItem>
      <identify>last_changed_time</identify>
      <type>time</type>
      <valueTranslated>no</valueTranslated>
      <valueConstraintType>currenttime</valueConstraintType>
      <editControllerType>text</editControllerType>
    </DataItem>
    <DataItem>
      <identify>who</identify>
      <type>string</type>
      <editWidth>10</editWidth>
      <valueTranslated>no</valueTranslated>
      <valueConstraintType>ref_solo</valueConstraintType>
      <valueConstraint>user</valueConstraint>
      <editControllerType>text</editControllerType>
      <ismatrix>yes</ismatrix>
    </DataItem>
    <DataItem>
      <identify>when</identify>
      <type>time</type>
      <editWidth>30</editWidth>
      <valueTranslated>no</valueTranslated>
      <editControllerType>text</editControllerType>
      <ismatrix>yes</ismatrix>
    </DataItem>
    <DataItem>
      <identify>explanation</identify>
      <type>string</type>
      <editWidth>25</editWidth>
      <valueTranslated>no</valueTranslated>
      <editControllerType>textarea</editControllerType>
      <ismatrix>yes</ismatrix>
    </DataItem>
  </items>
</DataSet>
