<?xml version="1.0" encoding="UTF-8"?>
<DataSet>
  <type>table</type>
  <keyCanModify>yes</keyCanModify>
  <defaultOrder>ascending</defaultOrder>
  <keys>title</keys>
  <notNullItems>data:-:system_role:-:operation</notNullItems>
  <showItems>data:-:system_role:-:operation:-:condition</showItems>
  <operation>add:-:insert:-:copy:-:import:-:remove:-:modify:-:batch_modify:-:query:-:statistic:-:audit:-:select</operation>
  <items>
    <DataItem>
      <identify>title</identify>
      <type>string</type>
      <editControllerType>text</editControllerType>
    </DataItem>
    <DataItem>
      <identify>title</identify>
      <type>string</type>
      <valueTranslated>no</valueTranslated>
    </DataItem>
    <DataItem>
      <identify>data</identify>
      <type>string</type>
      <valueTranslated>no</valueTranslated>
    </DataItem>
    <DataItem>
      <identify>user</identify>
      <type>string</type>
      <valueTranslated>no</valueTranslated>
    </DataItem>
    <DataItem>
      <identify>items</identify>
      <type>string</type>
      <valueTranslated>no</valueTranslated>
    </DataItem>
    <DataItem>
      <identify>sort</identify>
      <type>string</type>
      <valueTranslated>no</valueTranslated>
    </DataItem>
    <DataItem>
      <identify>order</identify>
      <type>string</type>
      <valueTranslated>no</valueTranslated>
    </DataItem>
    <DataItem>
      <identify>color</identify>
      <type>string</type>
      <valueTranslated>no</valueTranslated>
    </DataItem>
    <DataItem>
      <identify>style</identify>
      <type>string</type>
      <valueTranslated>no</valueTranslated>
    </DataItem>
  </items>
</DataSet>
