<?xml version="1.0" encoding="UTF-8"?>
<DataSet>
  <type>matrix</type>
  <keyCanModify>no</keyCanModify>
  <defaultSort>date</defaultSort>
  <defaultOrder>ascending</defaultOrder>
  <matrixValues>plan:r:t-r:t:actual</matrixValues>
  <keys>configuration_code</keys>
  <showItems>configuration_code:-:date:-:project:-:project_task:-:status:-:member:-:last_changed_time</showItems>
  <operation>add:-:insert:-:copy:-:import:-:remove:-:modify:-:batch_modify:-:query:-:statistic:-:audit:-:select</operation>
  <items>
    <DataItem>
      <identify>configuration_code</identify>
      <type>string</type>
      <defaultValue>DC-</defaultValue>
      <valueTranslated>no</valueTranslated>
      <editControllerType>text</editControllerType>
    </DataItem>
    <DataItem>
      <identify>date</identify>
      <type>date</type>
      <valueTranslated>no</valueTranslated>
      <editControllerType>text</editControllerType>
    </DataItem>
    <DataItem>
      <identify>project</identify>
      <type>string</type>
      <valueTranslated>no</valueTranslated>
      <valueConstraintType>ref_solo</valueConstraintType>
      <valueConstraint>project</valueConstraint>
      <editControllerType>text</editControllerType>
    </DataItem>
    <DataItem>
      <identify>project_stage</identify>
      <type>string</type>
      <valueTranslated>no</valueTranslated>
      <valueConstraintType>ref_solo</valueConstraintType>
      <valueConstraint>project_stage</valueConstraint>
      <editControllerType>text</editControllerType>
    </DataItem>
    <DataItem>
      <identify>project_task</identify>
      <type>string</type>
      <valueTranslated>no</valueTranslated>
      <valueConstraintType>ref_multi</valueConstraintType>
      <valueConstraint>project_task</valueConstraint>
      <editControllerType>text</editControllerType>
    </DataItem>
    <DataItem>
      <identify>status</identify>
      <type>string</type>
      <defaultValue>end</defaultValue>
      <valueTranslated>yes</valueTranslated>
      <valueConstraintType>solo</valueConstraintType>
      <valueConstraint>start:-:performing:-:end</valueConstraint>
      <editControllerType>radio</editControllerType>
    </DataItem>
    <DataItem>
      <identify>type</identify>
      <type>string</type>
      <defaultValue>coding</defaultValue>
      <valueTranslated>yes</valueTranslated>
      <valueConstraintType>solo</valueConstraintType>
      <valueConstraint>coding:-:testing:-:document_edit:-:project_management:-:quality_management:-:configuration_management:-:training:-:technical_supporting:-:others</valueConstraint>
      <editControllerType>radio</editControllerType>
    </DataItem>
    <DataItem>
      <identify>participator</identify>
      <type>string</type>
      <valueTranslated>no</valueTranslated>
      <valueConstraintType>ref_multi</valueConstraintType>
      <valueConstraint>user</valueConstraint>
      <editControllerType>text</editControllerType>
    </DataItem>
    <DataItem>
      <identify>relative_doc</identify>
      <type>string</type>
      <valueTranslated>no</valueTranslated>
      <valueConstraintType>ref_multi</valueConstraintType>
      <valueConstraint>document_register</valueConstraint>
      <editControllerType>text</editControllerType>
    </DataItem>
    <DataItem>
      <identify>relative_code</identify>
      <type>string</type>
      <valueTranslated>no</valueTranslated>
      <valueConstraintType>ref_multi</valueConstraintType>
      <valueConstraint>code_register</valueConstraint>
      <editControllerType>text</editControllerType>
    </DataItem>
    <DataItem>
      <identify>relative_person</identify>
      <type>string</type>
      <valueTranslated>no</valueTranslated>
      <valueConstraintType>ref_multi</valueConstraintType>
      <valueConstraint>user</valueConstraint>
      <editControllerType>text</editControllerType>
    </DataItem>
    <DataItem>
      <identify>commit_person</identify>
      <type>string</type>
      <valueTranslated>no</valueTranslated>
      <valueConstraintType>creatuser</valueConstraintType>
      <valueConstraint>user</valueConstraint>
      <editControllerType>text</editControllerType>
    </DataItem>
    <DataItem>
      <identify>commit_time</identify>
      <type>time</type>
      <valueTranslated>no</valueTranslated>
      <valueConstraintType>creattime</valueConstraintType>
      <editControllerType>text</editControllerType>
    </DataItem>
    <DataItem>
      <identify>last_changed_person</identify>
      <type>string</type>
      <valueTranslated>no</valueTranslated>
      <valueConstraintType>currentuser</valueConstraintType>
      <editControllerType>text</editControllerType>
    </DataItem>
    <DataItem>
      <identify>last_changed_time</identify>
      <type>time</type>
      <valueTranslated>no</valueTranslated>
      <valueConstraintType>currenttime</valueConstraintType>
      <editControllerType>text</editControllerType>
    </DataItem>
    <DataItem>
      <identify>start_date</identify>
      <type>date</type>
      <editWidth>12</editWidth>
      <valueTranslated>no</valueTranslated>
      <editControllerType>text</editControllerType>
      <ismatrix>yes</ismatrix>
    </DataItem>
    <DataItem>
      <identify>end_date</identify>
      <type>date</type>
      <editWidth>12</editWidth>
      <valueTranslated>no</valueTranslated>
      <editControllerType>text</editControllerType>
      <ismatrix>yes</ismatrix>
    </DataItem>
    <DataItem>
      <identify>staff_number</identify>
      <type>int</type>
      <editWidth>8</editWidth>
      <valueTranslated>no</valueTranslated>
      <editControllerType>text</editControllerType>
      <ismatrix>yes</ismatrix>
    </DataItem>
    <DataItem>
      <identify>size</identify>
      <type>int</type>
      <editWidth>8</editWidth>
      <valueTranslated>no</valueTranslated>
      <editControllerType>text</editControllerType>
      <ismatrix>yes</ismatrix>
    </DataItem>
    <DataItem>
      <identify>effort</identify>
      <type>int</type>
      <unitage>person_day</unitage>
      <editWidth>8</editWidth>
      <valueTranslated>no</valueTranslated>
      <editControllerType>text</editControllerType>
      <ismatrix>yes</ismatrix>
    </DataItem>
    <DataItem>
      <identify>cost</identify>
      <type>int</type>
      <unitage>yuan</unitage>
      <editWidth>8</editWidth>
      <valueTranslated>no</valueTranslated>
      <editControllerType>text</editControllerType>
      <ismatrix>yes</ismatrix>
    </DataItem>
  </items>
</DataSet>
