<?xml version="1.0" encoding="UTF-8"?>
<DataSet>
  <type>table</type>
  <keyCanModify>no</keyCanModify>
  <defaultOrder>ascending</defaultOrder>
  <keys>configuration_code</keys>
  <notNullItems>action:-:description</notNullItems>
  <showItems>configuration_code:-:type:-:degree:-:severity:-:action:-:last_changed_time</showItems>
  <operation>add:-:insert:-:copy:-:import:-:remove:-:modify:-:batch_modify:-:query:-:statistic:-:audit:-:select</operation>
  <items>
    <DataItem>
      <identify>configuration_code</identify>
      <type>string</type>
      <defaultValue>DH-</defaultValue>
      <valueTranslated>no</valueTranslated>
      <editControllerType>text</editControllerType>
    </DataItem>
    <DataItem>
      <identify>type</identify>
      <type>string</type>
      <defaultValue>coding</defaultValue>
      <valueTranslated>yes</valueTranslated>
      <valueConstraintType>solo</valueConstraintType>
      <valueConstraint>coding:-:testing:-:document_edit:-:project_management:-:quality_management:-:configuration_management:-:training:-:technical_supporting:-:others</valueConstraint>
      <editControllerType>radio</editControllerType>
    </DataItem>
    <DataItem>
      <identify>degree</identify>
      <type>int</type>
      <defaultValue>1</defaultValue>
      <valueTranslated>no</valueTranslated>
      <valueConstraintType>solo</valueConstraintType>
      <valueConstraint>0:-:1:-:2:-:3:-:4:-:5:-:6:-:7:-:8:-:9</valueConstraint>
      <editControllerType>radio</editControllerType>
    </DataItem>
    <DataItem>
      <identify>severity</identify>
      <type>string</type>
      <defaultValue>1</defaultValue>
      <valueTranslated>no</valueTranslated>
      <valueConstraintType>solo</valueConstraintType>
      <valueConstraint>0:-:1:-:2:-:3:-:4:-:5:-:6:-:7:-:8:-:9</valueConstraint>
      <editControllerType>radio</editControllerType>
    </DataItem>
    <DataItem>
      <identify>action</identify>
      <type>string</type>
      <defaultValue>correct</defaultValue>
      <valueTranslated>yes</valueTranslated>
      <valueConstraintType>solo</valueConstraintType>
      <valueConstraint>correct:-:defer:-:ignore</valueConstraint>
      <editControllerType>radio</editControllerType>
    </DataItem>
    <DataItem>
      <identify>effort</identify>
      <type>int</type>
      <unitage>person_day</unitage>
      <valueTranslated>no</valueTranslated>
      <editControllerType>text</editControllerType>
    </DataItem>
    <DataItem>
      <identify>cost</identify>
      <type>int</type>
      <unitage>yuan</unitage>
      <valueTranslated>no</valueTranslated>
      <editControllerType>text</editControllerType>
    </DataItem>
    <DataItem>
      <identify>description</identify>
      <type>string</type>
      <valueTranslated>no</valueTranslated>
      <editControllerType>textarea</editControllerType>
    </DataItem>
    <DataItem>
      <identify>risk_item</identify>
      <type>string</type>
      <valueTranslated>no</valueTranslated>
      <valueConstraintType>ref_multi</valueConstraintType>
      <valueConstraint>risk_analysis</valueConstraint>
      <editControllerType>text</editControllerType>
    </DataItem>
    <DataItem>
      <identify>conclusion</identify>
      <type>string</type>
      <valueTranslated>no</valueTranslated>
      <editControllerType>textarea</editControllerType>
    </DataItem>
    <DataItem>
      <identify>participator</identify>
      <type>string</type>
      <valueTranslated>no</valueTranslated>
      <valueConstraintType>ref_multi</valueConstraintType>
      <valueConstraint>user</valueConstraint>
      <editControllerType>text</editControllerType>
    </DataItem>
    <DataItem>
      <identify>relative_doc</identify>
      <type>string</type>
      <valueTranslated>no</valueTranslated>
      <valueConstraintType>ref_multi</valueConstraintType>
      <valueConstraint>document_register</valueConstraint>
      <editControllerType>text</editControllerType>
    </DataItem>
    <DataItem>
      <identify>relative_code</identify>
      <type>string</type>
      <valueTranslated>no</valueTranslated>
      <valueConstraintType>ref_multi</valueConstraintType>
      <valueConstraint>code_register</valueConstraint>
      <editControllerType>text</editControllerType>
    </DataItem>
    <DataItem>
      <identify>relative_person</identify>
      <type>string</type>
      <valueTranslated>no</valueTranslated>
      <valueConstraintType>ref_multi</valueConstraintType>
      <valueConstraint>user</valueConstraint>
      <editControllerType>text</editControllerType>
    </DataItem>
    <DataItem>
      <identify>commit_person</identify>
      <type>string</type>
      <valueTranslated>no</valueTranslated>
      <valueConstraintType>creatuser</valueConstraintType>
      <editControllerType>text</editControllerType>
    </DataItem>
    <DataItem>
      <identify>commit_time</identify>
      <type>time</type>
      <valueTranslated>no</valueTranslated>
      <valueConstraintType>creattime</valueConstraintType>
      <editControllerType>text</editControllerType>
    </DataItem>
    <DataItem>
      <identify>last_changed_person</identify>
      <type>string</type>
      <valueTranslated>no</valueTranslated>
      <valueConstraintType>currentuser</valueConstraintType>
      <editControllerType>text</editControllerType>
    </DataItem>
    <DataItem>
      <identify>last_changed_time</identify>
      <type>time</type>
      <valueTranslated>no</valueTranslated>
      <valueConstraintType>currenttime</valueConstraintType>
      <editControllerType>text</editControllerType>
    </DataItem>
  </items>
</DataSet>
