<?xml version="1.0" encoding="UTF-8"?>
<DataValues>
	<Record>
		<operation>導入:-:刪除:-:批量修改</operation>
		<data_role>資料管理員</data_role>
		<description>資料管理員可以刪除與專案相關的所有資訊</description>
		<data>更動申請:-:檢查項:-:檢查結果:-:代碼登記:-:代碼評審:-:資料獲取:-:偏差處理:-:文檔登記:-:文檔評審:-:不合格項:-:通知:-:會議紀要:-:問題報告:-:專案:-:專案角色:-:專案階段:-:專案任務:-:風險分析:-:共用資源:-:軟體需求:-:測試過程:-:測試需求:-:測試結果:-:工作周報:-:工作日志</data>
		<title>資料管理員特權</title>
	</Record>
	<Record>
		<operation>添加:-:插入:-:複製:-:修改:-:查詢:-:統計:-:選擇</operation>
		<data_role>一般成員</data_role>
		<description>除了刪除，所有成員可以任意處理任意專案資訊。:r:t-r:t:不必擔心有人“搗亂”，因爲任何人所有的操作均會被審計記錄下來。</description>
		<data>更動申請:-:檢查項:-:檢查結果:-:代碼登記:-:代碼評審:-:資料獲取:-:偏差處理:-:文檔登記:-:文檔評審:-:不合格項:-:通知:-:會議紀要:-:問題報告:-:專案:-:專案角色:-:專案階段:-:專案任務:-:風險分析:-:共用資源:-:軟體需求:-:測試過程:-:測試需求:-:測試結果:-:工作周報:-:工作日志</data>
		<title>一般成員的資料處理</title>
	</Record>
</DataValues>
