<?xml version="1.0" encoding="UTF-8"?>
<DataValues>
	<Record>
		<name>change_request</name>
		<link>data-manager?myset=change_request</link>
		<theme>theme_default</theme>
	</Record>
	<Record>
		<name>check_item</name>
		<link>data-manager?myset=check_item</link>
		<theme>theme_default</theme>
	</Record>
	<Record>
		<name>check_list</name>
		<link>info-page?mytitle=check_list</link>
		<theme>theme_default</theme>
		<child>check_item:-:check_result:-:ineligible_item</child>
	</Record>
	<Record>
		<name>check_result</name>
		<link>data-manager?myset=check_result</link>
		<theme>theme_default</theme>
	</Record>
	<Record>
		<name>code_register</name>
		<link>data-manager?myset=code_register</link>
		<theme>theme_default</theme>
	</Record>
	<Record>
		<name>code_review</name>
		<link>data-manager?myset=code_review</link>
		<theme>theme_default</theme>
	</Record>
	<Record>
		<name>common_function</name>
		<link>info-page?mytitle=common_function</link>
		<theme>theme_default</theme>
		<child>personal_message:-:meeting_summary:-:contact_way:-:share_resource:-:inform:-:manual</child>
	</Record>
	<Record>
		<name>configuration_management</name>
		<link>info-page?mytitle=configuration_management</link>
		<theme>theme_default</theme>
		<child>document_register:-:code_register</child>
	</Record>
	<Record>
		<name>contact_way</name>
		<link>frame_default?myframe=main:a:d-a:d:function=contact_way</link>
		<theme>theme_default</theme>
	</Record>
	<Record>
		<name>data_audit</name>
		<link>data-manager?myset=data_audit</link>
		<theme>theme_default</theme>
	</Record>
	<Record>
		<name>data_collection</name>
		<link>data-manager?myset=data_collection</link>
		<theme>theme_default</theme>
	</Record>
	<Record>
		<name>data_export</name>
		<link>data-manager?myset=data_export</link>
		<theme>theme_default</theme>
	</Record>
	<Record>
		<name>data_priviledge</name>
		<link>info-page?mytitle=data_priviledge</link>
		<theme>theme_default</theme>
		<child>system_role_acl:-:data_role_acl:-:data_user_acl</child>
	</Record>
	<Record>
		<name>data_role</name>
		<link>data-manager?myset=data_role</link>
		<theme>theme_default</theme>
	</Record>
	<Record>
		<name>data_role_acl</name>
		<link>data-manager?myset=data_role_acl</link>
		<theme>theme_default</theme>
	</Record>
	<Record>
		<name>data_source</name>
		<link>info-page?mytitle=data_source</link>
		<theme>theme_default</theme>
		<child>data_transfer:-:data_export</child>
	</Record>
	<Record>
		<name>data_transfer</name>
		<link>data-manager?myset=data_transfer</link>
		<theme>theme_default</theme>
	</Record>
	<Record>
		<name>data_user_acl</name>
		<link>data-manager?myset=data_user_acl</link>
		<theme>theme_default</theme>
	</Record>
	<Record>
		<name>deviation_handling</name>
		<link>data-manager?myset=deviation_handling</link>
		<theme>theme_default</theme>
	</Record>
	<Record>
		<name>document_register</name>
		<link>data-manager?myset=document_register</link>
		<theme>theme_default</theme>
	</Record>
	<Record>
		<name>document_review</name>
		<link>data-manager?myset=document_review</link>
		<theme>theme_default</theme>
	</Record>
	<Record>
		<name>en</name>
		<link>data-manager?myset=en</link>
		<theme>theme_default</theme>
	</Record>
	<Record>
		<name>ineligible_item</name>
		<link>data-manager?myset=ineligible_item</link>
		<theme>theme_default</theme>
	</Record>
	<Record>
		<name>inform</name>
		<link>data-manager?myset=inform</link>
		<theme>theme_default</theme>
	</Record>
	<Record>
		<name>init_config</name>
		<link>data-manager?myframe=data:a:d-a:d:myset=init_config:a:d-a:d:myoperation=modify:a:d-a:d:mybutton=modify:a:d-a:d:mykeys=id:h:p-h:p:init</link>
		<theme>theme_default</theme>
	</Record>
	<Record>
		<name>interface_theme</name>
		<link>data-manager?myset=interface_theme</link>
		<theme>theme_default</theme>
	</Record>
	<Record>
		<name>language</name>
		<link>info-page?mytitle=language</link>
		<theme>theme_default</theme>
		<child>zh_CN:-:zh_TW:-:en</child>
	</Record>
	<Record>
		<name>login</name>
		<link>frame_default?myframe=main:a:d-a:d:function=login</link>
		<theme>theme_default</theme>
	</Record>
	<Record>
		<name>manual</name>
		<link>manual/index.html</link>
		<theme>theme_default</theme>
	</Record>
	<Record>
		<name>meeting_summary</name>
		<link>data-manager?myset=meeting_summary</link>
		<theme>theme_default</theme>
	</Record>
	<Record>
		<name>personal_message</name>
		<link>data-manager?myset=personal_message</link>
		<theme>theme_default</theme>
	</Record>
	<Record>
		<name>problem_report</name>
		<link>data-manager?myset=problem_report</link>
		<theme>theme_default</theme>
	</Record>
	<Record>
		<name>project</name>
		<link>data-manager?myset=project</link>
		<theme>theme_default</theme>
	</Record>
	<Record>
		<name>project_management</name>
		<link>info-page?mytitle=project_management</link>
		<theme>theme_default</theme>
		<child>project_planning:-:project_tracking:-:check_list:-:configuration_management:-:review</child>
	</Record>
	<Record>
		<name>project_planning</name>
		<link>info-page?mytitle=project_planning</link>
		<theme>theme_default</theme>
		<child>project:-:project_stage:-:project_task:-:project_role:-:risk_analysis</child>
	</Record>
	<Record>
		<name>project_role</name>
		<link>data-manager?myset=project_role</link>
		<theme>theme_default</theme>
	</Record>
	<Record>
		<name>project_stage</name>
		<link>data-manager?myset=project_stage</link>
		<theme>theme_default</theme>
	</Record>
	<Record>
		<name>project_task</name>
		<link>data-manager?myset=project_task</link>
		<theme>theme_default</theme>
	</Record>
	<Record>
		<name>project_tracking</name>
		<link>info-page?mytitle=project_tracking</link>
		<theme>theme_default</theme>
		<child>weekly_report:-:working_log:-:data_collection:-:deviation_handling</child>
	</Record>
	<Record>
		<name>public_data</name>
		<link>info-page?mytitle=public_data</link>
		<theme>theme_default</theme>
		<child>data_audit:-:show_setup:-:query_setup:-:statistic_setup:-:upload_management</child>
	</Record>
	<Record>
		<name>query_setup</name>
		<link>data-manager?myset=query_setup</link>
		<theme>theme_default</theme>
	</Record>
	<Record>
		<name>review</name>
		<link>info-page?mytitle=review</link>
		<theme>theme_default</theme>
		<child>document_review:-:code_review</child>
	</Record>
	<Record>
		<name>risk_analysis</name>
		<link>data-manager?myset=risk_analysis</link>
		<theme>theme_default</theme>
	</Record>
	<Record>
		<name>role_definition</name>
		<link>info-page?mytitle=role_definition</link>
		<theme>theme_default</theme>
		<child>system_role:-:data_role</child>
	</Record>
	<Record>
		<name>see</name>
		<theme>theme_default</theme>
		<child>system_management:-:project_management:-:software_implementation:-:common_function</child>
	</Record>
	<Record>
		<name>see_speed_testing</name>
		<link>data-manager?myset=see_speed_testing</link>
		<theme>theme_default</theme>
	</Record>
	<Record>
		<name>self</name>
		<link>data-manager?myset=user:a:d-a:d:myframe=data:a:d-a:d:myoperation=modify:a:d-a:d:mybutton=modify:a:d-a:d:mykeys=id:h:p-h:p:_self</link>
		<theme>theme_default</theme>
	</Record>
	<Record>
		<name>share_resource</name>
		<link>data-manager?myset=share_resource</link>
		<theme>theme_default</theme>
	</Record>
	<Record>
		<name>show_setup</name>
		<link>data-manager?myset=show_setup</link>
		<theme>theme_default</theme>
	</Record>
	<Record>
		<name>software_implementation</name>
		<link>info-page?mytitle=software_implementation</link>
		<theme>theme_default</theme>
		<child>software_requirement:-:testing_requirement:-:testing_procedure:-:change_request:-:testing_result:-:problem_report</child>
	</Record>
	<Record>
		<name>software_requirement</name>
		<link>data-manager?myset=software_requirement</link>
		<theme>theme_default</theme>
	</Record>
	<Record>
		<name>statistic_setup</name>
		<link>data-manager?myset=statistic_setup</link>
		<theme>theme_default</theme>
	</Record>
	<Record>
		<name>superseer</name>
		<link>data-manager?myset=superseer</link>
		<theme>theme_default</theme>
	</Record>
	<Record>
		<name>system_management</name>
		<link>info-page?mytitle=system_management</link>
		<theme>theme_default</theme>
		<child>init_config:-:interface_theme:-:user:-:role_definition:-:data_priviledge:-:public_data:-:language:-:see_speed_testing:-:login</child>
	</Record>
	<Record>
		<name>system_role</name>
		<link>data-manager?myset=system_role</link>
		<theme>theme_default</theme>
	</Record>
	<Record>
		<name>system_role_acl</name>
		<link>data-manager?myset=system_role_acl</link>
		<theme>theme_default</theme>
	</Record>
	<Record>
		<name>testing_procedure</name>
		<link>data-manager?myset=testing_procedure</link>
		<theme>theme_default</theme>
	</Record>
	<Record>
		<name>testing_requirement</name>
		<link>data-manager?myset=testing_requirement</link>
		<theme>theme_default</theme>
	</Record>
	<Record>
		<name>testing_result</name>
		<link>data-manager?myset=testing_result</link>
		<theme>theme_default</theme>
	</Record>
	<Record>
		<name>upload_management</name>
		<link>data-manager?myset=upload_management</link>
		<theme>theme_default</theme>
	</Record>
	<Record>
		<name>user</name>
		<link>data-manager?myset=user</link>
		<theme>theme_default</theme>
	</Record>
	<Record>
		<name>weekly_report</name>
		<link>data-manager?myset=weekly_report</link>
		<theme>theme_default</theme>
	</Record>
	<Record>
		<name>working_log</name>
		<link>data-manager?myset=working_log</link>
		<theme>theme_default</theme>
	</Record>
	<Record>
		<name>zh_CN</name>
		<link>data-manager?myset=zh_CN</link>
		<theme>theme_default</theme>
	</Record>
	<Record>
		<name>zh_TW</name>
		<link>data-manager?myset=zh_TW</link>
		<theme>theme_default</theme>
	</Record>
</DataValues>
