<?xml version="1.0" encoding="UTF-8"?>
<DataValues>
	<Record>
		<user>超級管理員</user>
		<type>count</type>
		<item>status</item>
		<data>problem_report</data>
		<image>piechart:-:histogram</image>
		<title>計數-狀態</title>
	</Record>
	<Record>
		<user>超級管理員</user>
		<type>count</type>
		<item>type</item>
		<data>problem_report</data>
		<image>piechart:-:histogram</image>
		<title>計數-類型</title>
	</Record>
	<Record>
		<user>超級管理員</user>
		<type>count</type>
		<item>object</item>
		<data>problem_report</data>
		<image>piechart:-:histogram</image>
		<title>計數-物件</title>
	</Record>
	<Record>
		<user>超級管理員</user>
		<type>count</type>
		<item>severity</item>
		<data>problem_report</data>
		<image>piechart:-:histogram</image>
		<title>計數-嚴重性</title>
	</Record>
	<Record>
		<user>超級管理員</user>
		<type>count</type>
		<item>project</item>
		<data>problem_report</data>
		<image>piechart:-:histogram</image>
		<title>計數-專案</title>
	</Record>
	<Record>
		<user>超級管理員</user>
		<type>count</type>
		<item>priority</item>
		<data>problem_report</data>
		<image>piechart:-:histogram</image>
		<title>計數-優先順序</title>
	</Record>
	<Record>
		<user>超級管理員</user>
		<type>count</type>
		<item>commit_person</item>
		<data>problem_report</data>
		<image>piechart:-:histogram</image>
		<title>計數-提交者</title>
	</Record>
	<Record>
		<user>超級管理員</user>
		<type>count</type>
		<item>assigned_to</item>
		<data>problem_report</data>
		<image>piechart:-:histogram</image>
		<title>計數-指派給</title>
	</Record>
	<Record>
		<show_value>yes</show_value>
		<cross_item>type</cross_item>
		<user>超級管理員</user>
		<type>cross_count</type>
		<item>status</item>
		<data>problem_report</data>
		<image>piecross:-:histogramcross:-:histogramrate</image>
		<title>交叉計數-狀態-類型</title>
	</Record>
	<Record>
		<show_value>yes</show_value>
		<cross_item>object</cross_item>
		<user>超級管理員</user>
		<type>cross_count</type>
		<item>status</item>
		<data>problem_report</data>
		<image>piecross:-:histogramcross:-:histogramrate</image>
		<title>交叉計數-狀態-物件</title>
	</Record>
	<Record>
		<show_value>yes</show_value>
		<cross_item>severity</cross_item>
		<user>超級管理員</user>
		<type>cross_count</type>
		<item>status</item>
		<data>problem_report</data>
		<image>piecross:-:histogramcross:-:histogramrate</image>
		<title>交叉計數-狀態-嚴重性</title>
	</Record>
	<Record>
		<show_value>yes</show_value>
		<cross_item>priority</cross_item>
		<user>超級管理員</user>
		<type>cross_count</type>
		<item>status</item>
		<data>problem_report</data>
		<image>piecross:-:histogramcross:-:histogramrate</image>
		<title>交叉計數-狀態-優先順序</title>
	</Record>
	<Record>
		<show_value>yes</show_value>
		<cross_item>object</cross_item>
		<user>超級管理員</user>
		<type>cross_count</type>
		<item>type</item>
		<data>problem_report</data>
		<image>piecross:-:histogramcross:-:histogramrate</image>
		<title>交叉計數-類型-物件</title>
	</Record>
	<Record>
		<show_value>yes</show_value>
		<cross_item>severity</cross_item>
		<user>超級管理員</user>
		<type>cross_count</type>
		<item>type</item>
		<data>problem_report</data>
		<image>piecross:-:histogramcross:-:histogramrate</image>
		<title>交叉計數-類型-嚴重性</title>
	</Record>
	<Record>
		<show_value>yes</show_value>
		<cross_item>priority</cross_item>
		<user>超級管理員</user>
		<type>cross_count</type>
		<item>type</item>
		<data>problem_report</data>
		<image>piecross:-:histogramcross:-:histogramrate</image>
		<title>交叉計數-類型-優先順序</title>
	</Record>
	<Record>
		<show_value>yes</show_value>
		<cross_item>severity</cross_item>
		<user>超級管理員</user>
		<type>cross_count</type>
		<item>object</item>
		<data>problem_report</data>
		<image>piecross:-:histogramcross:-:histogramrate</image>
		<title>交叉計數-物件-嚴重性</title>
	</Record>
	<Record>
		<user>超級管理員</user>
		<type>trend</type>
		<value>plan_aaaa_effort:-:actual_aaaa_effort</value>
		<data>weekly_report</data>
		<time>actual_aaaa_start_date</time>
		<title>趨勢-工作量</title>
	</Record>
	<Record>
		<user>超級管理員</user>
		<type>trend</type>
		<value>plan_aaaa_cost:-:actual_aaaa_cost</value>
		<data>weekly_report</data>
		<time>actual_aaaa_start_date</time>
		<title>趨勢-成本</title>
	</Record>
	<Record>
		<user>超級管理員</user>
		<type>count</type>
		<item>conclusion</item>
		<data>code_review</data>
		<image>piechart:-:histogram</image>
		<title>計數-結論</title>
	</Record>
	<Record>
		<user>超級管理員</user>
		<type>count</type>
		<item>conclusion</item>
		<data>document_review</data>
		<image>piechart:-:histogram</image>
		<title>計數-結論</title>
	</Record>
	<Record>
		<user>超級管理員</user>
		<type>count</type>
		<item>type</item>
		<data>code_register</data>
		<image>piechart:-:histogram</image>
		<title>計數-類型</title>
	</Record>
	<Record>
		<user>超級管理員</user>
		<type>count</type>
		<item>status</item>
		<data>project</data>
		<image>piechart:-:histogram</image>
		<title>計數-狀態</title>
	</Record>
	<Record>
		<show_value>yes</show_value>
		<cross_item>project_stage</cross_item>
		<user>超級管理員</user>
		<type>cross_count</type>
		<item>type</item>
		<data>project_task</data>
		<image>piecross:-:histogramcross:-:histogramrate</image>
		<title>交叉計數-類型-專案階段</title>
	</Record>
	<Record>
		<show_value>yes</show_value>
		<cross_item>project_stage</cross_item>
		<user>超級管理員</user>
		<type>cross_count</type>
		<item>type</item>
		<data>risk_analysis</data>
		<image>piecross:-:histogramcross:-:histogramrate</image>
		<title>交叉計數-類型-專案階段</title>
	</Record>
	<Record>
		<show_value>yes</show_value>
		<cross_item>project_stage</cross_item>
		<user>超級管理員</user>
		<type>cross_count</type>
		<item>probability</item>
		<data>risk_analysis</data>
		<image>piecross:-:histogramcross:-:histogramrate</image>
		<title>交叉計數-可能性-專案階段</title>
	</Record>
	<Record>
		<show_value>yes</show_value>
		<cross_item>project_stage</cross_item>
		<user>超級管理員</user>
		<type>cross_count</type>
		<item>severity</item>
		<data>risk_analysis</data>
		<image>piecross:-:histogramcross:-:histogramrate</image>
		<title>交叉計數-嚴重性-專案階段</title>
	</Record>
	<Record>
		<user>超級管理員</user>
		<type>count</type>
		<item>status</item>
		<data>working_log</data>
		<image>piechart:-:histogram</image>
		<title>計數-狀態</title>
	</Record>
	<Record>
		<user>超級管理員</user>
		<type>count</type>
		<item>type</item>
		<data>working_log</data>
		<image>piechart:-:histogram</image>
		<title>計數-類型</title>
	</Record>
	<Record>
		<user>超級管理員</user>
		<type>count</type>
		<item>commit_person</item>
		<data>working_log</data>
		<image>piechart:-:histogram</image>
		<title>計數-提交者</title>
	</Record>
	<Record>
		<user>超級管理員</user>
		<type>count</type>
		<item>commit_time</item>
		<data>working_log</data>
		<image>piechart:-:histogram</image>
		<title>計數-提交時間</title>
	</Record>
	<Record>
		<show_value>yes</show_value>
		<cross_item>type</cross_item>
		<user>超級管理員</user>
		<type>cross_count</type>
		<item>status</item>
		<data>working_log</data>
		<image>piecross:-:histogramcross:-:histogramrate</image>
		<title>交叉計數-狀態-類型</title>
	</Record>
	<Record>
		<show_value>yes</show_value>
		<cross_item>project_task</cross_item>
		<user>超級管理員</user>
		<type>cross_count</type>
		<item>status</item>
		<data>working_log</data>
		<image>piecross:-:histogramcross:-:histogramrate</image>
		<title>交叉計數-狀態-專案任務</title>
	</Record>
	<Record>
		<show_value>yes</show_value>
		<cross_item>project_task</cross_item>
		<user>超級管理員</user>
		<type>cross_count</type>
		<item>type</item>
		<data>working_log</data>
		<image>piecross:-:histogramcross:-:histogramrate</image>
		<title>交叉計數-類型-專案任務</title>
	</Record>
	<Record>
		<show_value>yes</show_value>
		<cross_item>project_task</cross_item>
		<user>超級管理員</user>
		<type>cross_count</type>
		<item>commit_person</item>
		<data>working_log</data>
		<image>piecross:-:histogramcross:-:histogramrate</image>
		<title>交叉計數-提交者-專案任務</title>
	</Record>
	<Record>
		<show_value>yes</show_value>
		<cross_item>commit_person</cross_item>
		<user>超級管理員</user>
		<type>cross_count</type>
		<item>status</item>
		<data>working_log</data>
		<image>piecross:-:histogramcross:-:histogramrate</image>
		<title>交叉計數-狀態-提交者</title>
	</Record>
	<Record>
		<show_value>yes</show_value>
		<cross_item>commit_person</cross_item>
		<user>超級管理員</user>
		<type>cross_count</type>
		<item>type</item>
		<data>working_log</data>
		<image>piecross:-:histogramcross:-:histogramrate</image>
		<title>交叉計數-類型-提交者</title>
	</Record>
	<Record>
		<show_value>yes</show_value>
		<cross_item>project</cross_item>
		<user>超級管理員</user>
		<type>cross_count</type>
		<item>type</item>
		<data>code_register</data>
		<image>piecross:-:histogramcross:-:histogramrate</image>
		<title>交叉計數-類型-專案</title>
	</Record>
	<Record>
		<user>超級管理員</user>
		<type>count</type>
		<item>project</item>
		<data>document_register</data>
		<image>piechart:-:histogram</image>
		<title>計數-專案</title>
	</Record>
	<Record>
		<user>超級管理員</user>
		<type>count</type>
		<item>project</item>
		<data>code_register</data>
		<image>piechart:-:histogram</image>
		<title>計數-專案</title>
	</Record>
	<Record>
		<user>超級管理員</user>
		<type>count</type>
		<item>type</item>
		<data>document_register</data>
		<image>piechart:-:histogram</image>
		<title>計數-類型</title>
	</Record>
	<Record>
		<user>超級管理員</user>
		<type>count</type>
		<item>secrecy</item>
		<data>document_register</data>
		<image>piechart:-:histogram</image>
		<title>計數-密級</title>
	</Record>
	<Record>
		<show_value>yes</show_value>
		<cross_item>project</cross_item>
		<user>超級管理員</user>
		<type>cross_count</type>
		<item>type</item>
		<data>document_register</data>
		<image>piecross:-:histogramcross:-:histogramrate</image>
		<title>交叉計數-類型-專案</title>
	</Record>
	<Record>
		<show_value>yes</show_value>
		<cross_item>type</cross_item>
		<user>超級管理員</user>
		<type>cross_count</type>
		<item>secrecy</item>
		<data>document_register</data>
		<image>piecross:-:histogramcross:-:histogramrate</image>
		<title>交叉計數-密級-類型</title>
	</Record>
	<Record>
		<show_value>yes</show_value>
		<cross_item>project</cross_item>
		<user>超級管理員</user>
		<type>cross_count</type>
		<item>secrecy</item>
		<data>document_register</data>
		<image>piecross:-:histogramcross:-:histogramrate</image>
		<title>交叉計數-密級-專案</title>
	</Record>
	<Record>
		<user>超級管理員</user>
		<type>count</type>
		<item>revision</item>
		<data>document_register</data>
		<image>piechart:-:histogram</image>
		<title>計數-版本</title>
	</Record>
	<Record>
		<user>超級管理員</user>
		<type>count</type>
		<item>author</item>
		<data>document_register</data>
		<image>piechart:-:histogram</image>
		<title>計數-作者</title>
	</Record>
	<Record>
		<user>超級管理員</user>
		<type>count</type>
		<item>project</item>
		<data>software_requirement</data>
		<image>piechart:-:histogram</image>
		<title>計數-專案</title>
	</Record>
	<Record>
		<user>超級管理員</user>
		<type>count</type>
		<item>type</item>
		<data>software_requirement</data>
		<image>piechart:-:histogram</image>
		<title>計數-類型</title>
	</Record>
	<Record>
		<user>超級管理員</user>
		<type>count</type>
		<item>source</item>
		<data>software_requirement</data>
		<image>piechart:-:histogram</image>
		<title>計數-來源</title>
	</Record>
	<Record>
		<user>超級管理員</user>
		<type>count</type>
		<item>essentiality</item>
		<data>software_requirement</data>
		<image>piechart:-:histogram</image>
		<title>計數-重要性</title>
	</Record>
	<Record>
		<user>超級管理員</user>
		<type>count</type>
		<item>status</item>
		<data>software_requirement</data>
		<image>piechart:-:histogram</image>
		<title>計數-狀態</title>
	</Record>
	<Record>
		<user>超級管理員</user>
		<type>count</type>
		<item>commit_person</item>
		<data>software_requirement</data>
		<image>piechart:-:histogram</image>
		<title>計數-提交者</title>
	</Record>
	<Record>
		<show_value>yes</show_value>
		<cross_item>project</cross_item>
		<user>超級管理員</user>
		<type>cross_count</type>
		<item>type</item>
		<data>software_requirement</data>
		<image>piecross:-:histogramcross:-:histogramrate</image>
		<title>交叉計數-類型-專案</title>
	</Record>
	<Record>
		<show_value>yes</show_value>
		<cross_item>project</cross_item>
		<user>超級管理員</user>
		<type>cross_count</type>
		<item>source</item>
		<data>software_requirement</data>
		<image>piecross:-:histogramcross:-:histogramrate</image>
		<title>交叉計數-來源-專案</title>
	</Record>
	<Record>
		<show_value>yes</show_value>
		<cross_item>project</cross_item>
		<user>超級管理員</user>
		<type>cross_count</type>
		<item>essentiality</item>
		<data>software_requirement</data>
		<image>piecross:-:histogramcross:-:histogramrate</image>
		<title>交叉計數-重要性-專案</title>
	</Record>
	<Record>
		<show_value>yes</show_value>
		<cross_item>project</cross_item>
		<user>超級管理員</user>
		<type>cross_count</type>
		<item>status</item>
		<data>software_requirement</data>
		<image>piecross:-:histogramcross:-:histogramrate</image>
		<title>交叉計數-狀態-專案</title>
	</Record>
	<Record>
		<show_value>yes</show_value>
		<cross_item>type</cross_item>
		<user>超級管理員</user>
		<type>cross_count</type>
		<item>source</item>
		<data>software_requirement</data>
		<image>piecross:-:histogramcross:-:histogramrate</image>
		<title>交叉計數-來源-類型</title>
	</Record>
	<Record>
		<show_value>yes</show_value>
		<cross_item>type</cross_item>
		<user>超級管理員</user>
		<type>cross_count</type>
		<item>essentiality</item>
		<data>software_requirement</data>
		<image>piecross:-:histogramcross:-:histogramrate</image>
		<title>交叉計數-重要性-類型</title>
	</Record>
	<Record>
		<show_value>yes</show_value>
		<cross_item>type</cross_item>
		<user>超級管理員</user>
		<type>cross_count</type>
		<item>status</item>
		<data>software_requirement</data>
		<image>piecross:-:histogramcross:-:histogramrate</image>
		<title>交叉計數-狀態-類型</title>
	</Record>
	<Record>
		<show_value>yes</show_value>
		<cross_item>status</cross_item>
		<user>超級管理員</user>
		<type>cross_count</type>
		<item>source</item>
		<data>software_requirement</data>
		<image>piecross:-:histogramcross:-:histogramrate</image>
		<title>交叉計數-來源-狀態</title>
	</Record>
	<Record>
		<show_value>yes</show_value>
		<cross_item>status</cross_item>
		<user>超級管理員</user>
		<type>cross_count</type>
		<item>essentiality</item>
		<data>software_requirement</data>
		<image>piecross:-:histogramcross:-:histogramrate</image>
		<title>交叉計數-重要性-狀態</title>
	</Record>
	<Record>
		<show_value>yes</show_value>
		<cross_item>source</cross_item>
		<user>超級管理員</user>
		<type>cross_count</type>
		<item>essentiality</item>
		<data>software_requirement</data>
		<image>piecross:-:histogramcross:-:histogramrate</image>
		<title>交叉計數-重要性-來源</title>
	</Record>
	<Record>
		<user>超級管理員</user>
		<type>count</type>
		<item>project</item>
		<data>testing_requirement</data>
		<image>piechart:-:histogram</image>
		<title>計數-專案</title>
	</Record>
	<Record>
		<user>超級管理員</user>
		<type>count</type>
		<item>type</item>
		<data>testing_requirement</data>
		<image>piechart:-:histogram</image>
		<title>計數-類型</title>
	</Record>
	<Record>
		<user>超級管理員</user>
		<type>count</type>
		<item>essentiality</item>
		<data>testing_requirement</data>
		<image>piechart:-:histogram</image>
		<title>計數-重要性</title>
	</Record>
	<Record>
		<user>超級管理員</user>
		<type>count</type>
		<item>level</item>
		<data>testing_requirement</data>
		<image>piechart:-:histogram</image>
		<title>計數-層級</title>
	</Record>
	<Record>
		<user>超級管理員</user>
		<type>count</type>
		<item>status</item>
		<data>testing_requirement</data>
		<image>piechart:-:histogram</image>
		<title>計數-狀態</title>
	</Record>
	<Record>
		<user>超級管理員</user>
		<type>count</type>
		<item>status</item>
		<data>testing_requirement</data>
		<image>piechart:-:histogram</image>
		<title>計數-提交者</title>
	</Record>
	<Record>
		<show_value>yes</show_value>
		<cross_item>type</cross_item>
		<user>超級管理員</user>
		<type>cross_count</type>
		<item>project</item>
		<data>testing_requirement</data>
		<image>piecross:-:histogramcross:-:histogramrate</image>
		<title>交叉計數-專案-類型</title>
	</Record>
	<Record>
		<show_value>yes</show_value>
		<cross_item>project</cross_item>
		<user>超級管理員</user>
		<type>cross_count</type>
		<item>essentiality</item>
		<data>testing_requirement</data>
		<image>piecross:-:histogramcross:-:histogramrate</image>
		<title>交叉計數-重要性-專案</title>
	</Record>
	<Record>
		<show_value>yes</show_value>
		<cross_item>project</cross_item>
		<user>超級管理員</user>
		<type>cross_count</type>
		<item>level</item>
		<data>testing_requirement</data>
		<image>piecross:-:histogramcross:-:histogramrate</image>
		<title>交叉計數-層級-專案</title>
	</Record>
	<Record>
		<show_value>yes</show_value>
		<cross_item>project</cross_item>
		<user>超級管理員</user>
		<type>cross_count</type>
		<item>status</item>
		<data>testing_requirement</data>
		<image>piecross:-:histogramcross:-:histogramrate</image>
		<title>交叉計數-狀態-專案</title>
	</Record>
	<Record>
		<show_value>yes</show_value>
		<cross_item>type</cross_item>
		<user>超級管理員</user>
		<type>cross_count</type>
		<item>essentiality</item>
		<data>testing_requirement</data>
		<image>piecross:-:histogramcross:-:histogramrate</image>
		<title>交叉計數-重要性-類型</title>
	</Record>
	<Record>
		<show_value>yes</show_value>
		<cross_item>essentiality</cross_item>
		<user>超級管理員</user>
		<type>cross_count</type>
		<item>level</item>
		<data>testing_requirement</data>
		<image>piecross:-:histogramcross:-:histogramrate</image>
		<title>交叉計數-層級-重要性</title>
	</Record>
	<Record>
		<show_value>yes</show_value>
		<cross_item>type</cross_item>
		<user>超級管理員</user>
		<type>cross_count</type>
		<item>status</item>
		<data>testing_requirement</data>
		<image>piecross:-:histogramcross:-:histogramrate</image>
		<title>交叉計數-狀態-類型</title>
	</Record>
	<Record>
		<show_value>yes</show_value>
		<cross_item>essentiality</cross_item>
		<user>超級管理員</user>
		<type>cross_count</type>
		<item>status</item>
		<data>testing_requirement</data>
		<image>piecross:-:histogramcross:-:histogramrate</image>
		<title>交叉計數-狀態-重要性</title>
	</Record>
	<Record>
		<show_value>yes</show_value>
		<cross_item>status</cross_item>
		<user>超級管理員</user>
		<type>cross_count</type>
		<item>level</item>
		<data>testing_requirement</data>
		<image>piecross:-:histogramcross:-:histogramrate</image>
		<title>交叉計數-層級-狀態</title>
	</Record>
	<Record>
		<show_value>yes</show_value>
		<cross_item>type</cross_item>
		<user>超級管理員</user>
		<type>cross_count</type>
		<item>level</item>
		<data>testing_requirement</data>
		<image>piecross:-:histogramcross:-:histogramrate</image>
		<title>交叉計數-層級-類型</title>
	</Record>
	<Record>
		<user>超級管理員</user>
		<type>count</type>
		<item>status</item>
		<data>change_request</data>
		<image>piechart:-:histogram</image>
		<title>計數-狀態</title>
	</Record>
	<Record>
		<user>超級管理員</user>
		<type>count</type>
		<item>type</item>
		<data>change_request</data>
		<image>piechart:-:histogram</image>
		<title>計數-類型</title>
	</Record>
	<Record>
		<show_value>yes</show_value>
		<cross_item>status</cross_item>
		<user>超級管理員</user>
		<type>cross_count</type>
		<item>type</item>
		<data>change_request</data>
		<image>piecross:-:histogramcross:-:histogramrate</image>
		<title>交叉計數-類型-狀態</title>
	</Record>
	<Record>
		<user>超級管理員</user>
		<type>count</type>
		<item>apply_person</item>
		<data>change_request</data>
		<image>piechart:-:histogram</image>
		<title>計數-申請者</title>
	</Record>
	<Record>
		<user>超級管理員</user>
		<type>count</type>
		<item>project</item>
		<data>testing_result</data>
		<image>piechart:-:histogram</image>
		<title>計數-專案</title>
	</Record>
	<Record>
		<user>超級管理員</user>
		<type>count</type>
		<item>conclusion</item>
		<data>testing_result</data>
		<image>piechart:-:histogram</image>
		<title>計數-結論</title>
	</Record>
	<Record>
		<show_value>yes</show_value>
		<cross_item>project</cross_item>
		<user>超級管理員</user>
		<type>cross_count</type>
		<item>conclusion</item>
		<data>testing_result</data>
		<image>piecross:-:histogramcross:-:histogramrate</image>
		<title>交叉計數-結論-專案</title>
	</Record>
	<Record>
		<user>超級管理員</user>
		<type>count</type>
		<item>project</item>
		<data>testing_procedure</data>
		<image>piechart:-:histogram</image>
		<title>計數-專案</title>
	</Record>
	<Record>
		<user>超級管理員</user>
		<type>count</type>
		<item>type</item>
		<data>testing_procedure</data>
		<image>piechart:-:histogram</image>
		<title>計數-類型</title>
	</Record>
	<Record>
		<user>超級管理員</user>
		<type>count</type>
		<item>essentiality</item>
		<data>testing_procedure</data>
		<image>piechart:-:histogram</image>
		<title>計數-重要性</title>
	</Record>
	<Record>
		<user>超級管理員</user>
		<type>count</type>
		<item>level</item>
		<data>testing_procedure</data>
		<image>piechart:-:histogram</image>
		<title>計數-層級</title>
	</Record>
	<Record>
		<user>超級管理員</user>
		<type>count</type>
		<item>status</item>
		<data>testing_procedure</data>
		<image>piechart:-:histogram</image>
		<title>計數-狀態</title>
	</Record>
	<Record>
		<show_value>yes</show_value>
		<cross_item>type</cross_item>
		<user>超級管理員</user>
		<type>cross_count</type>
		<item>project</item>
		<data>testing_procedure</data>
		<image>piecross:-:histogramcross:-:histogramrate</image>
		<title>交叉計數-專案-類型</title>
	</Record>
	<Record>
		<show_value>yes</show_value>
		<cross_item>essentiality</cross_item>
		<user>超級管理員</user>
		<type>cross_count</type>
		<item>project</item>
		<data>testing_procedure</data>
		<image>piecross:-:histogramcross:-:histogramrate</image>
		<title>交叉計數-專案-重要性</title>
	</Record>
	<Record>
		<show_value>yes</show_value>
		<cross_item>level</cross_item>
		<user>超級管理員</user>
		<type>cross_count</type>
		<item>project</item>
		<data>testing_procedure</data>
		<image>piecross:-:histogramcross:-:histogramrate</image>
		<title>交叉計數-專案-層級</title>
	</Record>
	<Record>
		<show_value>yes</show_value>
		<cross_item>status</cross_item>
		<user>超級管理員</user>
		<type>cross_count</type>
		<item>project</item>
		<data>testing_procedure</data>
		<image>piecross:-:histogramcross:-:histogramrate</image>
		<title>交叉計數-專案-狀態</title>
	</Record>
	<Record>
		<show_value>yes</show_value>
		<cross_item>type</cross_item>
		<user>超級管理員</user>
		<type>cross_count</type>
		<item>essentiality</item>
		<data>testing_procedure</data>
		<image>piecross:-:histogramcross:-:histogramrate</image>
		<title>交叉計數-重要性-類型</title>
	</Record>
	<Record>
		<show_value>yes</show_value>
		<cross_item>type</cross_item>
		<user>超級管理員</user>
		<type>cross_count</type>
		<item>level</item>
		<data>testing_procedure</data>
		<image>piecross:-:histogramcross:-:histogramrate</image>
		<title>交叉計數-層級-類型</title>
	</Record>
	<Record>
		<show_value>yes</show_value>
		<cross_item>type</cross_item>
		<user>超級管理員</user>
		<type>cross_count</type>
		<item>status</item>
		<data>testing_procedure</data>
		<image>piecross:-:histogramcross:-:histogramrate</image>
		<title>交叉計數-狀態-類型</title>
	</Record>
	<Record>
		<show_value>yes</show_value>
		<cross_item>essentiality</cross_item>
		<user>超級管理員</user>
		<type>cross_count</type>
		<item>level</item>
		<data>testing_procedure</data>
		<image>piecross:-:histogramcross:-:histogramrate</image>
		<title>交叉計數-層級-重要性</title>
	</Record>
	<Record>
		<show_value>yes</show_value>
		<cross_item>status</cross_item>
		<user>超級管理員</user>
		<type>cross_count</type>
		<item>level</item>
		<data>testing_procedure</data>
		<image>piecross:-:histogramcross:-:histogramrate</image>
		<title>交叉計數-層級-狀態</title>
	</Record>
	<Record>
		<show_value>yes</show_value>
		<cross_item>status</cross_item>
		<user>超級管理員</user>
		<type>cross_count</type>
		<item>essentiality</item>
		<data>testing_procedure</data>
		<image>piecross:-:histogramcross:-:histogramrate</image>
		<title>交叉計數-重要性-狀態</title>
	</Record>
	<Record>
		<user>超級管理員</user>
		<type>count</type>
		<item>scope</item>
		<data>meeting_summary</data>
		<image>piechart:-:histogram</image>
		<title>計數-範圍</title>
	</Record>
	<Record>
		<user>超級管理員</user>
		<type>count</type>
		<item>type</item>
		<data>meeting_summary</data>
		<image>piechart:-:histogram</image>
		<title>計數-類型</title>
	</Record>
	<Record>
		<show_value>yes</show_value>
		<cross_item>scope</cross_item>
		<user>超級管理員</user>
		<type>cross_count</type>
		<item>type</item>
		<data>meeting_summary</data>
		<image>piecross:-:histogramcross:-:histogramrate</image>
		<title>交叉計數-類型-範圍</title>
	</Record>
	<Record>
		<user>超級管理員</user>
		<type>count</type>
		<item>type</item>
		<data>share_resource</data>
		<image>piechart:-:histogram</image>
		<title>計數-類型</title>
	</Record>
	<Record>
		<user>超級管理員</user>
		<type>count</type>
		<item>commit_person</item>
		<data>share_resource</data>
		<image>piechart:-:histogram</image>
		<title>計數-提交者</title>
	</Record>
	<Record>
		<show_value>yes</show_value>
		<cross_item>commit_person</cross_item>
		<user>超級管理員</user>
		<type>cross_count</type>
		<item>type</item>
		<data>share_resource</data>
		<image>piecross:-:histogramcross:-:histogramrate</image>
		<title>交叉計數-類型-提交者</title>
	</Record>
	<Record>
		<user>超級管理員</user>
		<type>count</type>
		<item>type</item>
		<data>inform</data>
		<image>piechart:-:histogram</image>
		<title>計數-類型</title>
	</Record>
	<Record>
		<user>超級管理員</user>
		<type>count</type>
		<item>importance</item>
		<data>inform</data>
		<image>piechart:-:histogram</image>
		<title>計數-重要性</title>
	</Record>
	<Record>
		<show_value>yes</show_value>
		<cross_item>importance</cross_item>
		<user>超級管理員</user>
		<type>cross_count</type>
		<item>type</item>
		<data>inform</data>
		<image>piecross:-:histogramcross:-:histogramrate</image>
		<title>交叉計數-類型-重要性</title>
	</Record>
	<Record>
		<user>超級管理員</user>
		<type>count</type>
		<item>sex</item>
		<data>user</data>
		<image>piechart:-:histogram</image>
		<title>計數-性別</title>
	</Record>
	<Record>
		<user>超級管理員</user>
		<type>count</type>
		<item>operation</item>
		<data>data_audit</data>
		<image>piechart:-:histogram</image>
		<title>計數-操作</title>
	</Record>
	<Record>
		<user>超級管理員</user>
		<type>count</type>
		<item>data</item>
		<data>data_audit</data>
		<image>piechart:-:histogram</image>
		<title>計數-資料</title>
	</Record>
	<Record>
		<user>超級管理員</user>
		<type>count</type>
		<item>who</item>
		<data>data_audit</data>
		<image>piechart:-:histogram</image>
		<title>計數-誰</title>
	</Record>
	<Record>
		<user>超級管理員</user>
		<type>count</type>
		<item>result</item>
		<data>data_audit</data>
		<image>piechart:-:histogram</image>
		<title>計數-結果</title>
	</Record>
	<Record>
		<show_value>yes</show_value>
		<cross_item>data</cross_item>
		<user>超級管理員</user>
		<type>cross_count</type>
		<item>operation</item>
		<data>data_audit</data>
		<image>piecross:-:histogramcross:-:histogramrate</image>
		<title>交叉計數-操作-資料</title>
	</Record>
	<Record>
		<show_value>yes</show_value>
		<cross_item>who</cross_item>
		<user>超級管理員</user>
		<type>cross_count</type>
		<item>operation</item>
		<data>data_audit</data>
		<image>piecross:-:histogramcross:-:histogramrate</image>
		<title>交叉計數-操作-誰</title>
	</Record>
	<Record>
		<show_value>yes</show_value>
		<cross_item>who</cross_item>
		<user>超級管理員</user>
		<type>cross_count</type>
		<item>data</item>
		<data>data_audit</data>
		<image>piecross:-:histogramcross:-:histogramrate</image>
		<title>交叉計數-資料-誰</title>
	</Record>
	<Record>
		<user>超級管理員</user>
		<type>count</type>
		<item>project</item>
		<data>project_stage</data>
		<image>piechart:-:histogram</image>
		<title>計數-專案</title>
	</Record>
	<Record>
		<user>超級管理員</user>
		<type>count</type>
		<item>project_stage</item>
		<data>project_task</data>
		<image>piechart:-:histogram</image>
		<title>計數-專案階段</title>
	</Record>
	<Record>
		<user>超級管理員</user>
		<type>count</type>
		<item>type</item>
		<data>project_task</data>
		<image>piechart:-:histogram</image>
		<title>計數-類型</title>
	</Record>
	<Record>
		<user>超級管理員</user>
		<type>count</type>
		<item>type</item>
		<data>risk_analysis</data>
		<image>piechart:-:histogram</image>
		<title>計數-類型</title>
	</Record>
	<Record>
		<user>超級管理員</user>
		<type>count</type>
		<item>probability</item>
		<data>risk_analysis</data>
		<image>piechart:-:histogram</image>
		<title>計數-可能性</title>
	</Record>
	<Record>
		<user>超級管理員</user>
		<type>count</type>
		<item>severity</item>
		<data>risk_analysis</data>
		<image>piechart:-:histogram</image>
		<title>計數-嚴重性</title>
	</Record>
	<Record>
		<user>超級管理員</user>
		<type>count</type>
		<item>priority</item>
		<data>risk_analysis</data>
		<image>piechart:-:histogram</image>
		<title>計數-優先順序</title>
	</Record>
	<Record>
		<user>超級管理員</user>
		<type>count</type>
		<item>project_task</item>
		<data>working_log</data>
		<image>piechart:-:histogram</image>
		<title>計數-專案任務 </title>
	</Record>
</DataValues>
