<?xml version="1.0" encoding="UTF-8"?>
<DataValues>
	<Record>
		<operation>添加:-:插入:-:複製:-:導入:-:刪除:-:修改:-:批量修改:-:查詢:-:統計:-:審計:-:選擇</operation>
		<description>人事管理員負責管理：與專案資訊有關的資料角色、用戶及其許可權。</description>
		<system_role>人事管理員</system_role>
		<data>資料用戶許可權:-:用戶:-:資料角色:-:資料角色許可權</data>
		<title>人事管理員的特權</title>
	</Record>
	<Record>
		<operation>修改</operation>
		<description>允許用戶修改自己的資訊。</description>
		<system_role>一般用戶</system_role>
		<data>用戶</data>
		<title>一般用戶修改自己資料</title>
		<condition>id:v:h-v:h:_self</condition>
	</Record>
	<Record>
		<operation>審計</operation>
		<description>允許所有用戶查閱專案資訊的所有維護過程。即專案管理是全程透明的。</description>
		<system_role>一般用戶</system_role>
		<data>更動申請:-:檢查項:-:檢查結果:-:代碼登記:-:代碼評審:-:資料獲取:-:偏差處理:-:文檔登記:-:文檔評審:-:不合格項:-:通知:-:會議紀要:-:問題報告:-:專案:-:專案角色:-:專案階段:-:專案任務:-:風險分析:-:共用資源:-:軟體需求:-:測試過程:-:測試需求:-:測試結果:-:工作周報:-:工作日志</data>
		<title>一般用戶審計資料</title>
	</Record>
	<Record>
		<operation>導入:-:刪除:-:查詢:-:統計:-:審計:-:選擇</operation>
		<description>允許審計管理員處理審計記錄。</description>
		<system_role>審計管理員</system_role>
		<data>資料審計</data>
		<title>審計管理員維護審計記錄</title>
	</Record>
	<Record>
		<operation>查詢:-:統計:-:選擇</operation>
		<description>允許所有用戶查詢審計記錄</description>
		<system_role>一般用戶</system_role>
		<data>資料審計</data>
		<title>一般用戶查詢統計審計記錄</title>
	</Record>
	<Record>
		<operation>查詢:-:選擇</operation>
		<system_role>一般用戶</system_role>
		<data>資料角色:-:資料角色許可權:-:資料用戶許可權:-:用戶</data>
		<title>一般用戶查詢選擇許可權資料</title>
	</Record>
	<Record>
		<operation>查詢</operation>
		<system_role>一般用戶</system_role>
		<data>個人消息</data>
		<title>一般成員的個人消息查詢</title>
		<condition>sender:v:h-v:h:_self:m:s-m:s:receiver:v:h-v:h::c:i:d-c:i:d:_self</condition>
	</Record>
	<Record>
		<operation>添加</operation>
		<system_role>一般用戶</system_role>
		<data>個人消息</data>
		<title>一般成員的個人消息添加</title>
	</Record>
	<Record>
		<operation>刪除</operation>
		<system_role>一般用戶</system_role>
		<data>個人消息</data>
		<title>一般成員的個人消息刪除</title>
		<condition>receiver:v:h-v:h::c:i:d-c:i:d:_self</condition>
	</Record>
</DataValues>
