<?xml version="1.0" encoding="UTF-8"?>
<DataValues>
	<Record>
		<order>descending</order>
		<color>name:v:h-v:h:type:v:h-v:h:錯誤:v:h-v:h:FFDDDD:v:h-v:h:未實現:v:h-v:h:DDDDFF:v:h-v:h:增強:v:h-v:h:DDFFFF:v:h-v:h:用戶反饋:v:h-v:h:FFFF99:v:h-v:h:建議:v:h-v:h:FFDD99:v:h-v:h:others:v:h-v:h:EEEEEE</color>
		<items>project:-:title:-:status:-:type:-:object:-:priority:-:assigned_to:-:last_changed_time:-:</items>
		<user>超級管理員</user>
		<sort>status</sort>
		<style>表格</style>
		<data>problem_report</data>
		<title>按類型區分</title>
	</Record>
	<Record>
		<order>descending</order>
		<color>name:v:h-v:h:object:v:h-v:h:需求:v:h-v:h:DDDDFF:v:h-v:h:設計:v:h-v:h:DDFFFF:v:h-v:h:測試:v:h-v:h:DDFFDD:v:h-v:h:文檔:v:h-v:h:FFDDFF:v:h-v:h:代碼:v:h-v:h:FFDDDD:v:h-v:h:資料:v:h-v:h:FFFF99:v:h-v:h:資料庫:v:h-v:h:FFDD99:v:h-v:h:others:v:h-v:h:EEEEEE</color>
		<items>project:-:title:-:status:-:type:-:object:-:priority:-:assigned_to:-:last_changed_time:-:</items>
		<user>超級管理員</user>
		<sort>status</sort>
		<style>表格</style>
		<data>problem_report</data>
		<title>按物件區分</title>
	</Record>
	<Record>
		<order>descending</order>
		<color>name:v:h-v:h:essentiality:v:h-v:h:低:v:h-v:h:DDDDFF:v:h-v:h:高:v:h-v:h:FFDDDD:v:h-v:h:中等:v:h-v:h:FFDD99:v:h-v:h:others:v:h-v:h:EEEEEE</color>
		<items>project:-:title:-:type:-:essentiality:-:level:-:status:-:last_changed_time:-:</items>
		<user>超級管理員</user>
		<sort>type</sort>
		<style>表格</style>
		<data>testing_requirement</data>
		<title>按重要性區分</title>
	</Record>
	<Record>
		<order>descending</order>
		<color>name:v:h-v:h:level:v:h-v:h:系統:v:h-v:h:FFDDDD:v:h-v:h:部件:v:h-v:h:FFFF99:v:h-v:h:單元:v:h-v:h:DDFFDD:v:h-v:h:others:v:h-v:h:EEEEEE</color>
		<items>project:-:title:-:type:-:essentiality:-:level:-:status:-:last_changed_time:-:</items>
		<user>超級管理員</user>
		<sort>status</sort>
		<style>表格</style>
		<data>testing_requirement</data>
		<title>按層級區分</title>
	</Record>
	<Record>
		<order>descending</order>
		<color>name:v:h-v:h:essentiality:v:h-v:h:低:v:h-v:h:DDDDFF:v:h-v:h:高:v:h-v:h:FFDDDD:v:h-v:h:中等:v:h-v:h:FFDD99:v:h-v:h:others:v:h-v:h:EEEEEE</color>
		<items>project:-:title:-:type:-:source:-:essentiality:-:status:-:last_changed_time:-:</items>
		<user>超級管理員</user>
		<sort>status</sort>
		<style>表格</style>
		<data>software_requirement</data>
		<title>按重要性區分</title>
	</Record>
	<Record>
		<color>name:v:h-v:h:essentiality:v:h-v:h:高:v:h-v:h:FFDDDD:v:h-v:h:中等:v:h-v:h:FFDD99:v:h-v:h:低:v:h-v:h:DDDDFF:v:h-v:h:others:v:h-v:h:EEEEEE</color>
		<items>project:-:title:-:type:-:essentiality:-:level:-:status:-:last_changed_time:-:</items>
		<user>超級管理員</user>
		<style>表格</style>
		<data>testing_procedure</data>
		<title>按重要性區分</title>
	</Record>
	<Record>
		<color>name:v:h-v:h:level:v:h-v:h:系統:v:h-v:h:FFDDDD:v:h-v:h:部件:v:h-v:h:FFFF99:v:h-v:h:單元:v:h-v:h:DDFFDD:v:h-v:h:others:v:h-v:h:EEEEEE</color>
		<items>project:-:title:-:type:-:essentiality:-:level:-:status:-:last_changed_time:-:</items>
		<user>超級管理員</user>
		<style>表格</style>
		<data>testing_procedure</data>
		<title>按層級區分</title>
	</Record>
	<Record>
		<order>descending</order>
		<color>name:v:h-v:h:type:v:h-v:h:開始:v:h-v:h:FFDDFF:v:h-v:h:注意:v:h-v:h:FFFF99:v:h-v:h:結論:v:h-v:h:FFDD99:v:h-v:h:進行:v:h-v:h:DDDDFF:v:h-v:h:完成:v:h-v:h:DDFFDD:v:h-v:h:疑問:v:h-v:h:FFDDDD:v:h-v:h:others:v:h-v:h:EEEEEE</color>
		<items>time:-:type:-:description:-:</items>
		<user>超級管理員</user>
		<sort>time</sort>
		<style>表單</style>
		<data>see_log</data>
		<title>編譯</title>
	</Record>
</DataValues>
