<?xml version="1.0" encoding="UTF-8"?>
<DataValues>
	<Record>
		<id>超級管理員</id>
		<last_changed_time>2004年11月18日 上午11時58分42秒</last_changed_time>
		<default_project>P-SEE</default_project>
		<interface_theme>theme_default</interface_theme>
		<page_size>20</page_size>
		<sex>女</sex>
		<email>mara@chong2.com</email>
		<datalist_style>表格</datalist_style>
		<description>可以使用任何功能。:r:t-r:t:最重要的兩個任務是：指定系統角色及其許可權；根據需要重新定義資訊結構。:r:t-r:t:第一次使用本系統時，一次不要忘記添加她的口令！</description>
		<birthday>2004年1月1日</birthday>
		<interface_style>style_flowers</interface_style>
	</Record>
</DataValues>
