<?xml version="1.0" encoding="UTF-8"?>
<DataValues>
	<Record>
		<last_changed_person>超級管理員</last_changed_person>
		<configuration_code>WW-</configuration_code>
		<last_changed_time>2004年9月22日 下午04時05分01秒</last_changed_time>
		<commit_person>超級管理員</commit_person>
		<commit_time>2004年9月22日 下午03時51分50秒</commit_time>
	</Record>
	<Record>
		<last_changed_person>超級管理員</last_changed_person>
		<configuration_code>WW-er</configuration_code>
		<last_changed_time>2004年9月22日 下午04時05分10秒</last_changed_time>
		<commit_person>超級管理員</commit_person>
		<commit_time>2004年9月22日 下午03時52分31秒</commit_time>
	</Record>
	<Record>
		<last_changed_person>超級管理員</last_changed_person>
		<configuration_code>WW-erer</configuration_code>
		<last_changed_time>2004年9月22日 下午04時05分16秒</last_changed_time>
		<commit_person>超級管理員</commit_person>
		<commit_time>2004年9月22日 下午03時53分25秒</commit_time>
	</Record>
	<Record>
		<last_changed_person>超級管理員</last_changed_person>
		<configuration_code>WW-ww</configuration_code>
		<last_changed_time>2004年9月22日 下午04時05分22秒</last_changed_time>
		<commit_person>超級管理員</commit_person>
		<commit_time>2004年9月22日 下午03時54分47秒</commit_time>
	</Record>
	<Record>
		<last_changed_person>超級管理員</last_changed_person>
		<configuration_code>WW-weww</configuration_code>
		<last_changed_time>2004年9月22日 下午04時05分31秒</last_changed_time>
		<commit_person>超級管理員</commit_person>
		<commit_time>2004年9月22日 下午03時55分21秒</commit_time>
	</Record>
	<Record>
		<last_changed_person>超級管理員</last_changed_person>
		<configuration_code>WW-sfd</configuration_code>
		<last_changed_time>2004年9月22日 下午04時05分37秒</last_changed_time>
		<commit_person>超級管理員</commit_person>
		<commit_time>2004年9月22日 下午03時55分47秒</commit_time>
	</Record>
	<Record>
		<last_changed_person>超級管理員</last_changed_person>
		<configuration_code>WW-wwww</configuration_code>
		<last_changed_time>2004年9月22日 下午04時05分43秒</last_changed_time>
		<commit_person>超級管理員</commit_person>
		<commit_time>2004年9月22日 下午03時56分14秒</commit_time>
	</Record>
	<Record>
		<last_changed_person>超級管理員</last_changed_person>
		<configuration_code>WWwew-</configuration_code>
		<last_changed_time>2004年9月22日 下午04時05分50秒</last_changed_time>
		<commit_person>超級管理員</commit_person>
		<commit_time>2004年9月22日 下午03時57分17秒</commit_time>
	</Record>
	<Record>
		<last_changed_person>超級管理員</last_changed_person>
		<configuration_code>WW-fgf</configuration_code>
		<last_changed_time>2004年9月22日 下午04時06分02秒</last_changed_time>
		<commit_person>超級管理員</commit_person>
		<commit_time>2004年9月22日 下午03時57分46秒</commit_time>
	</Record>
	<Record>
		<last_changed_person>超級管理員</last_changed_person>
		<configuration_code>WW-ghgh</configuration_code>
		<last_changed_time>2004年9月22日 下午04時06分09秒</last_changed_time>
		<commit_person>超級管理員</commit_person>
		<commit_time>2004年9月22日 下午03時58分35秒</commit_time>
	</Record>
	<Record>
		<last_changed_person>超級管理員</last_changed_person>
		<configuration_code>WW-ghghfgg</configuration_code>
		<last_changed_time>2004年9月22日 下午04時06分14秒</last_changed_time>
		<commit_person>超級管理員</commit_person>
		<commit_time>2004年9月22日 下午03時59分20秒</commit_time>
	</Record>
</DataValues>
