<?xml version="1.0" encoding="UTF-8"?>
<DataValues>
	<Record>
		<have_read>否</have_read>
		<sender>瑪瑞</sender>
		<content>發現問題，請告訴老婆婆！</content>
		<receiver>瑪瑞</receiver>
		<title>歡迎使用SEE</title>
		<sent_time>2004年12月23日 下午09時35分31秒</sent_time>
		<id>2004年12月23日 下午09時35分31秒-瑪瑞</id>
		<attachment>酷:h:p-h:p:cool.gif</attachment>
	</Record>
	<Record>
		<have_read>否</have_read>
		<sender>瑪瑞</sender>
		<content>發現問題，請告訴老婆婆！</content>
		<receiver>蟲蟲</receiver>
		<title>歡迎使用SEE</title>
		<sent_time>2004年12月23日 下午09時35分32秒</sent_time>
		<id>2004年12月23日 下午09時35分32秒-瑪瑞</id>
		<attachment>酷:h:p-h:p:cool.gif</attachment>
	</Record>
	<Record>
		<have_read>否</have_read>
		<sender>瑪瑞</sender>
		<content>發現問題，請告訴老婆婆！</content>
		<receiver>嚕嚕</receiver>
		<title>歡迎使用SEE</title>
		<sent_time>2004年12月23日 下午09時35分33秒</sent_time>
		<id>2004年12月23日 下午09時35分33秒-瑪瑞</id>
		<attachment>酷:h:p-h:p:cool.gif</attachment>
	</Record>
	<Record>
		<have_read>否</have_read>
		<sender>瑪瑞</sender>
		<content>發現問題，請告訴老婆婆！</content>
		<receiver>美美</receiver>
		<title>歡迎使用SEE</title>
		<sent_time>2004年12月23日 下午09時35分34秒</sent_time>
		<id>2004年12月23日 下午09時35分34秒-瑪瑞</id>
		<attachment>酷:h:p-h:p:cool.gif</attachment>
	</Record>
	<Record>
		<have_read>否</have_read>
		<sender>瑪瑞</sender>
		<content>發現問題，請告訴老婆婆！</content>
		<receiver>超級管理員</receiver>
		<title>歡迎使用SEE</title>
		<sent_time>2004年12月23日 下午09時35分35秒</sent_time>
		<id>2004年12月23日 下午09時35分35秒-瑪瑞</id>
		<attachment>酷:h:p-h:p:cool.gif</attachment>
	</Record>
</DataValues>
