<?xml version="1.0" encoding="UTF-8"?>
<DataValues>
	<Record>
		<configuration_code>WW-</configuration_code>
		<staff_number>3</staff_number>
		<effort>50</effort>
		<SEE_matrix_value>計劃</SEE_matrix_value>
		<cost>150</cost>
	</Record>
	<Record>
		<start_date>2004年8月23日</start_date>
		<configuration_code>WW-</configuration_code>
		<staff_number>3</staff_number>
		<effort>45</effort>
		<SEE_matrix_value>實際</SEE_matrix_value>
		<cost>150</cost>
	</Record>
	<Record>
		<configuration_code>WW-er</configuration_code>
		<staff_number>3</staff_number>
		<effort>60</effort>
		<SEE_matrix_value>計劃</SEE_matrix_value>
		<cost>150</cost>
	</Record>
	<Record>
		<start_date>2004年8月30日</start_date>
		<configuration_code>WW-er</configuration_code>
		<staff_number>3</staff_number>
		<effort>70</effort>
		<SEE_matrix_value>實際</SEE_matrix_value>
		<cost>170</cost>
	</Record>
	<Record>
		<configuration_code>WW-erer</configuration_code>
		<staff_number>4</staff_number>
		<effort>60</effort>
		<SEE_matrix_value>計劃</SEE_matrix_value>
		<cost>150</cost>
	</Record>
	<Record>
		<start_date>2004年9月7日</start_date>
		<configuration_code>WW-erer</configuration_code>
		<staff_number>4</staff_number>
		<effort>65</effort>
		<SEE_matrix_value>實際</SEE_matrix_value>
		<cost>140</cost>
	</Record>
	<Record>
		<configuration_code>WW-ww</configuration_code>
		<staff_number>4</staff_number>
		<effort>50</effort>
		<SEE_matrix_value>計劃</SEE_matrix_value>
		<cost>150</cost>
	</Record>
	<Record>
		<start_date>2004年9月14日</start_date>
		<configuration_code>WW-ww</configuration_code>
		<staff_number>4</staff_number>
		<effort>55</effort>
		<SEE_matrix_value>實際</SEE_matrix_value>
		<cost>160</cost>
	</Record>
	<Record>
		<configuration_code>WW-weww</configuration_code>
		<staff_number>4</staff_number>
		<effort>80</effort>
		<SEE_matrix_value>計劃</SEE_matrix_value>
		<cost>180</cost>
	</Record>
	<Record>
		<start_date>2004年9月21日</start_date>
		<configuration_code>WW-weww</configuration_code>
		<staff_number>4</staff_number>
		<effort>77</effort>
		<SEE_matrix_value>實際</SEE_matrix_value>
		<cost>160</cost>
	</Record>
	<Record>
		<configuration_code>WW-sfd</configuration_code>
		<staff_number>4</staff_number>
		<effort>80</effort>
		<SEE_matrix_value>計劃</SEE_matrix_value>
		<cost>180</cost>
	</Record>
	<Record>
		<start_date>2004年9月28日</start_date>
		<configuration_code>WW-sfd</configuration_code>
		<staff_number>4</staff_number>
		<effort>85</effort>
		<SEE_matrix_value>實際</SEE_matrix_value>
		<cost>180</cost>
	</Record>
	<Record>
		<configuration_code>WW-wwww</configuration_code>
		<staff_number>5</staff_number>
		<effort>110</effort>
		<SEE_matrix_value>計劃</SEE_matrix_value>
		<cost>200</cost>
	</Record>
	<Record>
		<start_date>2004年10月3日</start_date>
		<configuration_code>WW-wwww</configuration_code>
		<staff_number>5</staff_number>
		<effort>90</effort>
		<SEE_matrix_value>實際</SEE_matrix_value>
		<cost>180</cost>
	</Record>
	<Record>
		<configuration_code>WWwew-</configuration_code>
		<staff_number>5</staff_number>
		<effort>100</effort>
		<SEE_matrix_value>計劃</SEE_matrix_value>
		<cost>180</cost>
	</Record>
	<Record>
		<start_date>2004年10月10日</start_date>
		<configuration_code>WWwew-</configuration_code>
		<staff_number>5</staff_number>
		<effort>95</effort>
		<SEE_matrix_value>實際</SEE_matrix_value>
		<cost>160</cost>
	</Record>
	<Record>
		<configuration_code>WW-fgf</configuration_code>
		<staff_number>5</staff_number>
		<effort>110</effort>
		<SEE_matrix_value>計劃</SEE_matrix_value>
		<cost>180</cost>
	</Record>
	<Record>
		<start_date>2004年10月17日</start_date>
		<configuration_code>WW-fgf</configuration_code>
		<staff_number>5</staff_number>
		<effort>115</effort>
		<SEE_matrix_value>實際</SEE_matrix_value>
		<cost>190</cost>
	</Record>
	<Record>
		<configuration_code>WW-ghgh</configuration_code>
		<staff_number>5</staff_number>
		<effort>120</effort>
		<SEE_matrix_value>計劃</SEE_matrix_value>
		<cost>200</cost>
	</Record>
	<Record>
		<start_date>2004年10月21日</start_date>
		<configuration_code>WW-ghgh</configuration_code>
		<staff_number>5</staff_number>
		<effort>125</effort>
		<SEE_matrix_value>實際</SEE_matrix_value>
		<cost>220</cost>
	</Record>
	<Record>
		<configuration_code>WW-ghghfgg</configuration_code>
		<staff_number>4</staff_number>
		<effort>70</effort>
		<SEE_matrix_value>計劃</SEE_matrix_value>
		<cost>180</cost>
	</Record>
	<Record>
		<start_date>2004年10月27日</start_date>
		<configuration_code>WW-ghghfgg</configuration_code>
		<staff_number>5</staff_number>
		<effort>75</effort>
		<SEE_matrix_value>實際</SEE_matrix_value>
		<cost>160</cost>
	</Record>
</DataValues>
