<?xml version="1.0" encoding="UTF-8"?>
<DataValues>
	<Record>
		<user>superseer</user>
		<type>count</type>
		<item>status</item>
		<data>problem_report</data>
		<image>piechart:-:histogram</image>
		<title>Count-Status</title>
	</Record>
	<Record>
		<user>superseer</user>
		<type>count</type>
		<item>type</item>
		<data>problem_report</data>
		<image>piechart:-:histogram</image>
		<title>Count-Type</title>
	</Record>
	<Record>
		<user>superseer</user>
		<type>count</type>
		<item>object</item>
		<data>problem_report</data>
		<image>piechart:-:histogram</image>
		<title>Count-Object</title>
	</Record>
	<Record>
		<user>superseer</user>
		<type>count</type>
		<item>severity</item>
		<data>problem_report</data>
		<image>piechart:-:histogram</image>
		<title>Count-Severity</title>
	</Record>
	<Record>
		<user>superseer</user>
		<type>count</type>
		<item>project</item>
		<data>problem_report</data>
		<image>piechart:-:histogram</image>
		<title>Count-Project</title>
	</Record>
	<Record>
		<user>superseer</user>
		<type>count</type>
		<item>priority</item>
		<data>problem_report</data>
		<image>piechart:-:histogram</image>
		<title>Count-Priority</title>
	</Record>
	<Record>
		<user>superseer</user>
		<type>count</type>
		<item>commit_person</item>
		<data>problem_report</data>
		<image>piechart:-:histogram</image>
		<title>Count-Commit Person</title>
	</Record>
	<Record>
		<user>superseer</user>
		<type>count</type>
		<item>assigned_to</item>
		<data>problem_report</data>
		<image>piechart:-:histogram</image>
		<title>Count-Assigned to</title>
	</Record>
	<Record>
		<show_value>yes</show_value>
		<cross_item>type</cross_item>
		<user>superseer</user>
		<type>cross_count</type>
		<item>status</item>
		<data>problem_report</data>
		<image>piecross:-:histogramcross:-:histogramrate</image>
		<title>Cross Count-Status-Type</title>
	</Record>
	<Record>
		<show_value>yes</show_value>
		<cross_item>object</cross_item>
		<user>superseer</user>
		<type>cross_count</type>
		<item>status</item>
		<data>problem_report</data>
		<image>piecross:-:histogramcross:-:histogramrate</image>
		<title>Cross Count-Status-Object</title>
	</Record>
	<Record>
		<show_value>yes</show_value>
		<cross_item>severity</cross_item>
		<user>superseer</user>
		<type>cross_count</type>
		<item>status</item>
		<data>problem_report</data>
		<image>piecross:-:histogramcross:-:histogramrate</image>
		<title>Cross Count-Status-Severity</title>
	</Record>
	<Record>
		<show_value>yes</show_value>
		<cross_item>priority</cross_item>
		<user>superseer</user>
		<type>cross_count</type>
		<item>status</item>
		<data>problem_report</data>
		<image>piecross:-:histogramcross:-:histogramrate</image>
		<title>Cross Count-Status-Priority</title>
	</Record>
	<Record>
		<show_value>yes</show_value>
		<cross_item>object</cross_item>
		<user>superseer</user>
		<type>cross_count</type>
		<item>type</item>
		<data>problem_report</data>
		<image>piecross:-:histogramcross:-:histogramrate</image>
		<title>Cross Count-Type-Object</title>
	</Record>
	<Record>
		<show_value>yes</show_value>
		<cross_item>severity</cross_item>
		<user>superseer</user>
		<type>cross_count</type>
		<item>type</item>
		<data>problem_report</data>
		<image>piecross:-:histogramcross:-:histogramrate</image>
		<title>Cross Count-Type-Severity</title>
	</Record>
	<Record>
		<show_value>yes</show_value>
		<cross_item>priority</cross_item>
		<user>superseer</user>
		<type>cross_count</type>
		<item>type</item>
		<data>problem_report</data>
		<image>piecross:-:histogramcross:-:histogramrate</image>
		<title>Cross Count-Type-Priority</title>
	</Record>
	<Record>
		<show_value>yes</show_value>
		<cross_item>severity</cross_item>
		<user>superseer</user>
		<type>cross_count</type>
		<item>object</item>
		<data>problem_report</data>
		<image>piecross:-:histogramcross:-:histogramrate</image>
		<title>Cross Count-Object-Severity</title>
	</Record>
	<Record>
		<user>superseer</user>
		<type>trend</type>
		<value>plan_aaaa_effort:-:actual_aaaa_effort</value>
		<data>weekly_report</data>
		<time>actual_aaaa_start_date</time>
		<title>Trend-Effort</title>
	</Record>
	<Record>
		<user>superseer</user>
		<type>trend</type>
		<value>plan_aaaa_cost:-:actual_aaaa_cost</value>
		<data>weekly_report</data>
		<time>actual_aaaa_start_date</time>
		<title>Trend-Cost</title>
	</Record>
	<Record>
		<user>superseer</user>
		<type>count</type>
		<item>conclusion</item>
		<data>code_review</data>
		<image>piechart:-:histogram</image>
		<title>Count-Conclusion</title>
	</Record>
	<Record>
		<user>superseer</user>
		<type>count</type>
		<item>data</item>
		<data>data_audit</data>
		<image>piechart:-:histogram</image>
		<title>Count-Data</title>
	</Record>
	<Record>
		<user>superseer</user>
		<type>count</type>
		<item>operation</item>
		<data>data_audit</data>
		<image>piechart:-:histogram</image>
		<title>Count-Operation</title>
	</Record>
	<Record>
		<user>superseer</user>
		<type>count</type>
		<item>who</item>
		<data>data_audit</data>
		<image>piechart:-:histogram</image>
		<title>Count-Who</title>
	</Record>
	<Record>
		<user>superseer</user>
		<type>count</type>
		<item>result</item>
		<data>data_audit</data>
		<image>piechart:-:histogram</image>
		<title>Count-Result</title>
	</Record>
	<Record>
		<show_value>yes</show_value>
		<cross_item>data</cross_item>
		<user>superseer</user>
		<type>cross_count</type>
		<item>operation</item>
		<data>data_audit</data>
		<image>piecross:-:histogramcross:-:histogramrate</image>
		<title>Cross Count-Operation-Data</title>
	</Record>
	<Record>
		<show_value>yes</show_value>
		<cross_item>who</cross_item>
		<user>superseer</user>
		<type>cross_count</type>
		<item>operation</item>
		<data>data_audit</data>
		<image>piecross:-:histogramcross:-:histogramrate</image>
		<title>Cross Count-Operation-Who</title>
	</Record>
	<Record>
		<show_value>yes</show_value>
		<cross_item>who</cross_item>
		<user>superseer</user>
		<type>cross_count</type>
		<item>data</item>
		<data>data_audit</data>
		<image>piecross:-:histogramcross:-:histogramrate</image>
		<title>Cross Count-Data-Who</title>
	</Record>
	<Record>
		<user>superseer</user>
		<type>count</type>
		<item>status</item>
		<data>project</data>
		<image>piechart:-:histogram</image>
		<title>Count-Status</title>
	</Record>
	<Record>
		<user>superseer</user>
		<type>count</type>
		<item>project</item>
		<data>project_stage</data>
		<image>piechart:-:histogram</image>
		<title>Count-Project</title>
	</Record>
	<Record>
		<user>superseer</user>
		<type>count</type>
		<item>project_stage</item>
		<data>project_task</data>
		<image>piechart:-:histogram</image>
		<title>Count-Project Stages</title>
	</Record>
	<Record>
		<user>superseer</user>
		<type>count</type>
		<item>type</item>
		<data>project_task</data>
		<image>piechart:-:histogram</image>
		<title>Count-Type</title>
	</Record>
	<Record>
		<show_value>yes</show_value>
		<cross_item>project_stage</cross_item>
		<user>superseer</user>
		<type>cross_count</type>
		<item>type</item>
		<data>project_task</data>
		<image>piecross:-:histogramcross:-:histogramrate</image>
		<title>Cross Count-Type-Project Stages</title>
	</Record>
	<Record>
		<show_value>yes</show_value>
		<cross_item>project_stage</cross_item>
		<user>superseer</user>
		<type>cross_count</type>
		<item>type</item>
		<data>risk_analysis</data>
		<image>piecross:-:histogramcross:-:histogramrate</image>
		<title>Cross Count-Type-Project Stages</title>
	</Record>
	<Record>
		<show_value>yes</show_value>
		<cross_item>project_stage</cross_item>
		<user>superseer</user>
		<type>cross_count</type>
		<item>probability</item>
		<data>risk_analysis</data>
		<image>piecross:-:histogramcross:-:histogramrate</image>
		<title>Cross Count-Probability-Project Stages</title>
	</Record>
	<Record>
		<show_value>yes</show_value>
		<cross_item>project_stage</cross_item>
		<user>superseer</user>
		<type>cross_count</type>
		<item>severity</item>
		<data>risk_analysis</data>
		<image>piecross:-:histogramcross:-:histogramrate</image>
		<title>Cross Count-Severity-Project Stages</title>
	</Record>
	<Record>
		<user>superseer</user>
		<type>count</type>
		<item>type</item>
		<data>risk_analysis</data>
		<image>piechart:-:histogram</image>
		<title>Count-Type</title>
	</Record>
	<Record>
		<user>superseer</user>
		<type>count</type>
		<item>probability</item>
		<data>risk_analysis</data>
		<image>piechart:-:histogram</image>
		<title>Count-Probability</title>
	</Record>
	<Record>
		<user>superseer</user>
		<type>count</type>
		<item>severity</item>
		<data>risk_analysis</data>
		<image>piechart:-:histogram</image>
		<title>Count-Severity</title>
	</Record>
	<Record>
		<user>superseer</user>
		<type>count</type>
		<item>priority</item>
		<data>risk_analysis</data>
		<image>piechart:-:histogram</image>
		<title>Count-Priority</title>
	</Record>
	<Record>
		<user>superseer</user>
		<type>count</type>
		<item>status</item>
		<data>working_log</data>
		<image>piechart:-:histogram</image>
		<title>Count-Status</title>
	</Record>
	<Record>
		<user>superseer</user>
		<type>count</type>
		<item>type</item>
		<data>working_log</data>
		<image>piechart:-:histogram</image>
		<title>Count-Type</title>
	</Record>
	<Record>
		<user>superseer</user>
		<type>count</type>
		<item>commit_person</item>
		<data>working_log</data>
		<image>piechart:-:histogram</image>
		<title>Count-Commit Person</title>
	</Record>
	<Record>
		<user>superseer</user>
		<type>count</type>
		<item>commit_time</item>
		<data>working_log</data>
		<image>piechart:-:histogram</image>
		<title>Count-Commit Time</title>
	</Record>
	<Record>
		<show_value>yes</show_value>
		<cross_item>type</cross_item>
		<user>superseer</user>
		<type>cross_count</type>
		<item>status</item>
		<data>working_log</data>
		<image>piecross:-:histogramcross:-:histogramrate</image>
		<title>Cross Count-Status-Type</title>
	</Record>
	<Record>
		<show_value>yes</show_value>
		<cross_item>project_task</cross_item>
		<user>superseer</user>
		<type>cross_count</type>
		<item>status</item>
		<data>working_log</data>
		<image>piecross:-:histogramcross:-:histogramrate</image>
		<title>Cross Count-Status-Project Tasks</title>
	</Record>
	<Record>
		<show_value>yes</show_value>
		<cross_item>project_task</cross_item>
		<user>superseer</user>
		<type>cross_count</type>
		<item>type</item>
		<data>working_log</data>
		<image>piecross:-:histogramcross:-:histogramrate</image>
		<title>Cross Count-Type-Project Tasks</title>
	</Record>
	<Record>
		<show_value>yes</show_value>
		<cross_item>project_task</cross_item>
		<user>superseer</user>
		<type>cross_count</type>
		<item>commit_person</item>
		<data>working_log</data>
		<image>piecross:-:histogramcross:-:histogramrate</image>
		<title>Cross Count-Commit Person-Project Tasks</title>
	</Record>
	<Record>
		<show_value>yes</show_value>
		<cross_item>commit_person</cross_item>
		<user>superseer</user>
		<type>cross_count</type>
		<item>status</item>
		<data>working_log</data>
		<image>piecross:-:histogramcross:-:histogramrate</image>
		<title>Cross Count-Status-Commit Person</title>
	</Record>
	<Record>
		<show_value>yes</show_value>
		<cross_item>commit_person</cross_item>
		<user>superseer</user>
		<type>cross_count</type>
		<item>type</item>
		<data>working_log</data>
		<image>piecross:-:histogramcross:-:histogramrate</image>
		<title>Cross Count-Type-Commit Person</title>
	</Record>
	<Record>
		<user>superseer</user>
		<type>count</type>
		<item>project_task</item>
		<data>working_log</data>
		<image>piechart:-:histogram</image>
		<title>Count-Project Tasks</title>
	</Record>
	<Record>
		<user>superseer</user>
		<type>count</type>
		<item>project</item>
		<data>code_register</data>
		<image>piechart:-:histogram</image>
		<title>Count-Project</title>
	</Record>
	<Record>
		<user>superseer</user>
		<type>count</type>
		<item>type</item>
		<data>code_register</data>
		<image>piechart:-:histogram</image>
		<title>Count-Type</title>
	</Record>
	<Record>
		<show_value>yes</show_value>
		<cross_item>project</cross_item>
		<user>superseer</user>
		<type>cross_count</type>
		<item>type</item>
		<data>code_register</data>
		<image>piecross:-:histogramcross:-:histogramrate</image>
		<title>Cross Count-Type-Project</title>
	</Record>
	<Record>
		<user>superseer</user>
		<type>count</type>
		<item>project</item>
		<data>document_register</data>
		<image>piechart:-:histogram</image>
		<title>Count-Project</title>
	</Record>
	<Record>
		<user>superseer</user>
		<type>count</type>
		<item>type</item>
		<data>document_register</data>
		<image>piechart:-:histogram</image>
		<title>Count-Type</title>
	</Record>
	<Record>
		<user>superseer</user>
		<type>count</type>
		<item>secrecy</item>
		<data>document_register</data>
		<image>piechart:-:histogram</image>
		<title>Count-Secrecy</title>
	</Record>
	<Record>
		<show_value>yes</show_value>
		<cross_item>project</cross_item>
		<user>superseer</user>
		<type>cross_count</type>
		<item>type</item>
		<data>document_register</data>
		<image>piecross:-:histogramcross:-:histogramrate</image>
		<title>Cross Count-Type-Project</title>
	</Record>
	<Record>
		<show_value>yes</show_value>
		<cross_item>type</cross_item>
		<user>superseer</user>
		<type>cross_count</type>
		<item>secrecy</item>
		<data>document_register</data>
		<image>piecross:-:histogramcross:-:histogramrate</image>
		<title>Cross Count-Secrecy-Type</title>
	</Record>
	<Record>
		<show_value>yes</show_value>
		<cross_item>project</cross_item>
		<user>superseer</user>
		<type>cross_count</type>
		<item>secrecy</item>
		<data>document_register</data>
		<image>piecross:-:histogramcross:-:histogramrate</image>
		<title>Cross Count-Secrecy-Project</title>
	</Record>
	<Record>
		<user>superseer</user>
		<type>count</type>
		<item>revision</item>
		<data>document_register</data>
		<image>piechart:-:histogram</image>
		<title>Count-Revision</title>
	</Record>
	<Record>
		<user>superseer</user>
		<type>count</type>
		<item>author</item>
		<data>document_register</data>
		<image>piechart:-:histogram</image>
		<title>Count-Author</title>
	</Record>
	<Record>
		<user>superseer</user>
		<type>count</type>
		<item>conclusion</item>
		<data>document_review</data>
		<image>piechart:-:histogram</image>
		<title>Count-Conclusion</title>
	</Record>
	<Record>
		<user>superseer</user>
		<type>count</type>
		<item>project</item>
		<data>software_requirement</data>
		<image>piechart:-:histogram</image>
		<title>Count-Project</title>
	</Record>
	<Record>
		<user>superseer</user>
		<type>count</type>
		<item>type</item>
		<data>software_requirement</data>
		<image>piechart:-:histogram</image>
		<title>Count-Type</title>
	</Record>
	<Record>
		<user>superseer</user>
		<type>count</type>
		<item>source</item>
		<data>software_requirement</data>
		<image>piechart:-:histogram</image>
		<title>Count-Source</title>
	</Record>
	<Record>
		<user>superseer</user>
		<type>count</type>
		<item>essentiality</item>
		<data>software_requirement</data>
		<image>piechart:-:histogram</image>
		<title>Count-Essentiality</title>
	</Record>
	<Record>
		<user>superseer</user>
		<type>count</type>
		<item>status</item>
		<data>software_requirement</data>
		<image>piechart:-:histogram</image>
		<title>Count-Status</title>
	</Record>
	<Record>
		<user>superseer</user>
		<type>count</type>
		<item>commit_person</item>
		<data>software_requirement</data>
		<image>piechart:-:histogram</image>
		<title>Count-Commit Person</title>
	</Record>
	<Record>
		<show_value>yes</show_value>
		<cross_item>project</cross_item>
		<user>superseer</user>
		<type>cross_count</type>
		<item>type</item>
		<data>software_requirement</data>
		<image>piecross:-:histogramcross:-:histogramrate</image>
		<title>Cross Count-Type-Project</title>
	</Record>
	<Record>
		<show_value>yes</show_value>
		<cross_item>project</cross_item>
		<user>superseer</user>
		<type>cross_count</type>
		<item>source</item>
		<data>software_requirement</data>
		<image>piecross:-:histogramcross:-:histogramrate</image>
		<title>Cross Count-Source-Project</title>
	</Record>
	<Record>
		<show_value>yes</show_value>
		<cross_item>project</cross_item>
		<user>superseer</user>
		<type>cross_count</type>
		<item>essentiality</item>
		<data>software_requirement</data>
		<image>piecross:-:histogramcross:-:histogramrate</image>
		<title>Cross Count-Essentiality-Project</title>
	</Record>
	<Record>
		<show_value>yes</show_value>
		<cross_item>project</cross_item>
		<user>superseer</user>
		<type>cross_count</type>
		<item>status</item>
		<data>software_requirement</data>
		<image>piecross:-:histogramcross:-:histogramrate</image>
		<title>Cross Count-Status-Project</title>
	</Record>
	<Record>
		<show_value>yes</show_value>
		<cross_item>type</cross_item>
		<user>superseer</user>
		<type>cross_count</type>
		<item>source</item>
		<data>software_requirement</data>
		<image>piecross:-:histogramcross:-:histogramrate</image>
		<title>Cross Count-Source-Type</title>
	</Record>
	<Record>
		<show_value>yes</show_value>
		<cross_item>type</cross_item>
		<user>superseer</user>
		<type>cross_count</type>
		<item>essentiality</item>
		<data>software_requirement</data>
		<image>piecross:-:histogramcross:-:histogramrate</image>
		<title>Cross Count-Essentiality-Type</title>
	</Record>
	<Record>
		<show_value>yes</show_value>
		<cross_item>type</cross_item>
		<user>superseer</user>
		<type>cross_count</type>
		<item>status</item>
		<data>software_requirement</data>
		<image>piecross:-:histogramcross:-:histogramrate</image>
		<title>Cross Count-Status-Type</title>
	</Record>
	<Record>
		<show_value>yes</show_value>
		<cross_item>status</cross_item>
		<user>superseer</user>
		<type>cross_count</type>
		<item>source</item>
		<data>software_requirement</data>
		<image>piecross:-:histogramcross:-:histogramrate</image>
		<title>Cross Count-Source-Status</title>
	</Record>
	<Record>
		<show_value>yes</show_value>
		<cross_item>status</cross_item>
		<user>superseer</user>
		<type>cross_count</type>
		<item>essentiality</item>
		<data>software_requirement</data>
		<image>piecross:-:histogramcross:-:histogramrate</image>
		<title>Cross Count-Essentiality-Status</title>
	</Record>
	<Record>
		<show_value>yes</show_value>
		<cross_item>source</cross_item>
		<user>superseer</user>
		<type>cross_count</type>
		<item>essentiality</item>
		<data>software_requirement</data>
		<image>piecross:-:histogramcross:-:histogramrate</image>
		<title>Cross Count-Essentiality-Source</title>
	</Record>
	<Record>
		<user>superseer</user>
		<type>count</type>
		<item>project</item>
		<data>testing_requirement</data>
		<image>piechart:-:histogram</image>
		<title>Count-Project</title>
	</Record>
	<Record>
		<user>superseer</user>
		<type>count</type>
		<item>type</item>
		<data>testing_requirement</data>
		<image>piechart:-:histogram</image>
		<title>Count-Type</title>
	</Record>
	<Record>
		<user>superseer</user>
		<type>count</type>
		<item>essentiality</item>
		<data>testing_requirement</data>
		<image>piechart:-:histogram</image>
		<title>Count-Essentiality</title>
	</Record>
	<Record>
		<user>superseer</user>
		<type>count</type>
		<item>level</item>
		<data>testing_requirement</data>
		<image>piechart:-:histogram</image>
		<title>Count-Level</title>
	</Record>
	<Record>
		<user>superseer</user>
		<type>count</type>
		<item>status</item>
		<data>testing_requirement</data>
		<image>piechart:-:histogram</image>
		<title>Count-Status</title>
	</Record>
	<Record>
		<user>superseer</user>
		<type>count</type>
		<item>commit_person</item>
		<data>testing_requirement</data>
		<image>piechart:-:histogram</image>
		<title>Count-Commit Person</title>
	</Record>
	<Record>
		<show_value>yes</show_value>
		<cross_item>type</cross_item>
		<user>superseer</user>
		<type>cross_count</type>
		<item>project</item>
		<data>testing_requirement</data>
		<image>piecross:-:histogramcross:-:histogramrate</image>
		<title>Cross Count-Project-Type</title>
	</Record>
	<Record>
		<show_value>yes</show_value>
		<cross_item>project</cross_item>
		<user>superseer</user>
		<type>cross_count</type>
		<item>essentiality</item>
		<data>testing_requirement</data>
		<image>piecross:-:histogramcross:-:histogramrate</image>
		<title>Cross Count-Essentiality-Project</title>
	</Record>
	<Record>
		<show_value>yes</show_value>
		<cross_item>project</cross_item>
		<user>superseer</user>
		<type>cross_count</type>
		<item>level</item>
		<data>testing_requirement</data>
		<image>piecross:-:histogramcross:-:histogramrate</image>
		<title>Cross Count-Level-Project</title>
	</Record>
	<Record>
		<show_value>yes</show_value>
		<cross_item>project</cross_item>
		<user>superseer</user>
		<type>cross_count</type>
		<item>status</item>
		<data>testing_requirement</data>
		<image>piecross:-:histogramcross:-:histogramrate</image>
		<title>Cross Count-Status-Project</title>
	</Record>
	<Record>
		<show_value>yes</show_value>
		<cross_item>type</cross_item>
		<user>superseer</user>
		<type>cross_count</type>
		<item>essentiality</item>
		<data>testing_requirement</data>
		<image>piecross:-:histogramcross:-:histogramrate</image>
		<title>Cross Count-Essentiality-Type</title>
	</Record>
	<Record>
		<show_value>yes</show_value>
		<cross_item>essentiality</cross_item>
		<user>superseer</user>
		<type>cross_count</type>
		<item>level</item>
		<data>testing_requirement</data>
		<image>piecross:-:histogramcross:-:histogramrate</image>
		<title>Cross Count-Level-Essentiality</title>
	</Record>
	<Record>
		<show_value>yes</show_value>
		<cross_item>type</cross_item>
		<user>superseer</user>
		<type>cross_count</type>
		<item>status</item>
		<data>testing_requirement</data>
		<image>piecross:-:histogramcross:-:histogramrate</image>
		<title>Cross Count-Status-Type</title>
	</Record>
	<Record>
		<show_value>yes</show_value>
		<cross_item>essentiality</cross_item>
		<user>superseer</user>
		<type>cross_count</type>
		<item>status</item>
		<data>testing_requirement</data>
		<image>piecross:-:histogramcross:-:histogramrate</image>
		<title>Cross Count-Status-Essentiality</title>
	</Record>
	<Record>
		<show_value>yes</show_value>
		<cross_item>status</cross_item>
		<user>superseer</user>
		<type>cross_count</type>
		<item>level</item>
		<data>testing_requirement</data>
		<image>piecross:-:histogramcross:-:histogramrate</image>
		<title>Cross Count-Level-Status</title>
	</Record>
	<Record>
		<show_value>yes</show_value>
		<cross_item>type</cross_item>
		<user>superseer</user>
		<type>cross_count</type>
		<item>level</item>
		<data>testing_requirement</data>
		<image>piecross:-:histogramcross:-:histogramrate</image>
		<title>Cross Count-Level-Type</title>
	</Record>
	<Record>
		<user>superseer</user>
		<type>count</type>
		<item>project</item>
		<data>testing_procedure</data>
		<image>piechart:-:histogram</image>
		<title>Count-Project</title>
	</Record>
	<Record>
		<user>superseer</user>
		<type>count</type>
		<item>type</item>
		<data>testing_procedure</data>
		<image>piechart:-:histogram</image>
		<title>Count-Type</title>
	</Record>
	<Record>
		<user>superseer</user>
		<type>count</type>
		<item>essentiality</item>
		<data>testing_procedure</data>
		<image>piechart:-:histogram</image>
		<title>Count-Essentiality</title>
	</Record>
	<Record>
		<user>superseer</user>
		<type>count</type>
		<item>level</item>
		<data>testing_procedure</data>
		<image>piechart:-:histogram</image>
		<title>Count-Level</title>
	</Record>
	<Record>
		<user>superseer</user>
		<type>count</type>
		<item>status</item>
		<data>testing_procedure</data>
		<image>piechart:-:histogram</image>
		<title>Count-Status</title>
	</Record>
	<Record>
		<show_value>yes</show_value>
		<cross_item>type</cross_item>
		<user>superseer</user>
		<type>cross_count</type>
		<item>project</item>
		<data>testing_procedure</data>
		<image>piecross:-:histogramcross:-:histogramrate</image>
		<title>Cross Count-Project-Type</title>
	</Record>
	<Record>
		<show_value>yes</show_value>
		<cross_item>essentiality</cross_item>
		<user>superseer</user>
		<type>cross_count</type>
		<item>project</item>
		<data>testing_procedure</data>
		<image>piecross:-:histogramcross:-:histogramrate</image>
		<title>Cross Count-Project-Essentiality</title>
	</Record>
	<Record>
		<show_value>yes</show_value>
		<cross_item>level</cross_item>
		<user>superseer</user>
		<type>cross_count</type>
		<item>project</item>
		<data>testing_procedure</data>
		<image>piecross:-:histogramcross:-:histogramrate</image>
		<title>Cross Count-Project-Level</title>
	</Record>
	<Record>
		<show_value>yes</show_value>
		<cross_item>status</cross_item>
		<user>superseer</user>
		<type>cross_count</type>
		<item>project</item>
		<data>testing_procedure</data>
		<image>piecross:-:histogramcross:-:histogramrate</image>
		<title>Cross Count-Project-Status</title>
	</Record>
	<Record>
		<show_value>yes</show_value>
		<cross_item>type</cross_item>
		<user>superseer</user>
		<type>cross_count</type>
		<item>essentiality</item>
		<data>testing_procedure</data>
		<image>piecross:-:histogramcross:-:histogramrate</image>
		<title>Cross Count-Essentiality-Type</title>
	</Record>
	<Record>
		<show_value>yes</show_value>
		<cross_item>type</cross_item>
		<user>superseer</user>
		<type>cross_count</type>
		<item>level</item>
		<data>testing_procedure</data>
		<image>piecross:-:histogramcross:-:histogramrate</image>
		<title>Cross Count-Level-Type</title>
	</Record>
	<Record>
		<show_value>yes</show_value>
		<cross_item>type</cross_item>
		<user>superseer</user>
		<type>cross_count</type>
		<item>status</item>
		<data>testing_procedure</data>
		<image>piecross:-:histogramcross:-:histogramrate</image>
		<title>Cross Count-Status-Type</title>
	</Record>
	<Record>
		<show_value>yes</show_value>
		<cross_item>essentiality</cross_item>
		<user>superseer</user>
		<type>cross_count</type>
		<item>level</item>
		<data>testing_procedure</data>
		<image>piecross:-:histogramcross:-:histogramrate</image>
		<title>Cross Count-Level-Essentiality</title>
	</Record>
	<Record>
		<show_value>yes</show_value>
		<cross_item>status</cross_item>
		<user>superseer</user>
		<type>cross_count</type>
		<item>level</item>
		<data>testing_procedure</data>
		<image>piecross:-:histogramcross:-:histogramrate</image>
		<title>Cross Count-Level-Status</title>
	</Record>
	<Record>
		<show_value>yes</show_value>
		<cross_item>status</cross_item>
		<user>superseer</user>
		<type>cross_count</type>
		<item>essentiality</item>
		<data>testing_procedure</data>
		<image>piecross:-:histogramcross:-:histogramrate</image>
		<title>Cross Count-Essentiality-Status</title>
	</Record>
	<Record>
		<user>superseer</user>
		<type>count</type>
		<item>status</item>
		<data>change_request</data>
		<image>piechart:-:histogram</image>
		<title>Count-Status</title>
	</Record>
	<Record>
		<user>superseer</user>
		<type>count</type>
		<item>type</item>
		<data>change_request</data>
		<image>piechart:-:histogram</image>
		<title>Count-Type</title>
	</Record>
	<Record>
		<show_value>yes</show_value>
		<cross_item>status</cross_item>
		<user>superseer</user>
		<type>cross_count</type>
		<item>type</item>
		<data>change_request</data>
		<image>piecross:-:histogramcross:-:histogramrate</image>
		<title>Cross Count-Type-Status</title>
	</Record>
	<Record>
		<user>superseer</user>
		<type>count</type>
		<item>apply_person</item>
		<data>change_request</data>
		<image>piechart:-:histogram</image>
		<title>Count-Apply Person</title>
	</Record>
	<Record>
		<user>superseer</user>
		<type>count</type>
		<item>project</item>
		<data>testing_result</data>
		<image>piechart:-:histogram</image>
		<title>Count-Project</title>
	</Record>
	<Record>
		<user>superseer</user>
		<type>count</type>
		<item>conclusion</item>
		<data>testing_result</data>
		<image>piechart:-:histogram</image>
		<title>Count-Conclusion</title>
	</Record>
	<Record>
		<show_value>yes</show_value>
		<cross_item>project</cross_item>
		<user>superseer</user>
		<type>cross_count</type>
		<item>conclusion</item>
		<data>testing_result</data>
		<image>piecross:-:histogramcross:-:histogramrate</image>
		<title>Cross Count-Conclusion-Project</title>
	</Record>
	<Record>
		<user>superseer</user>
		<type>count</type>
		<item>scope</item>
		<data>meeting_summary</data>
		<image>piechart:-:histogram</image>
		<title>Count-Scope</title>
	</Record>
	<Record>
		<user>superseer</user>
		<type>count</type>
		<item>type</item>
		<data>meeting_summary</data>
		<image>piechart:-:histogram</image>
		<title>Count-Type</title>
	</Record>
	<Record>
		<show_value>yes</show_value>
		<cross_item>scope</cross_item>
		<user>superseer</user>
		<type>cross_count</type>
		<item>type</item>
		<data>meeting_summary</data>
		<image>piecross:-:histogramcross:-:histogramrate</image>
		<title>Cross Count-Type-Scope</title>
	</Record>
	<Record>
		<user>superseer</user>
		<type>count</type>
		<item>type</item>
		<data>share_resource</data>
		<image>piechart:-:histogram</image>
		<title>Count-Type</title>
	</Record>
	<Record>
		<user>superseer</user>
		<type>count</type>
		<item>commit_person</item>
		<data>share_resource</data>
		<image>piechart:-:histogram</image>
		<title>Count-Commit Person</title>
	</Record>
	<Record>
		<show_value>yes</show_value>
		<cross_item>commit_person</cross_item>
		<user>superseer</user>
		<type>cross_count</type>
		<item>type</item>
		<data>share_resource</data>
		<image>piecross:-:histogramcross:-:histogramrate</image>
		<title>Cross Count-Type-Commit Person</title>
	</Record>
	<Record>
		<user>superseer</user>
		<type>count</type>
		<item>type</item>
		<data>inform</data>
		<image>piechart:-:histogram</image>
		<title>Count-Type</title>
	</Record>
	<Record>
		<user>superseer</user>
		<type>count</type>
		<item>importance</item>
		<data>inform</data>
		<image>piechart:-:histogram</image>
		<title>Count-Importance</title>
	</Record>
	<Record>
		<show_value>yes</show_value>
		<cross_item>importance</cross_item>
		<user>superseer</user>
		<type>cross_count</type>
		<item>type</item>
		<data>inform</data>
		<image>piecross:-:histogramcross:-:histogramrate</image>
		<title>Cross Count-Type-Importance </title>
	</Record>
</DataValues>
