<?xml version="1.0" encoding="UTF-8"?>
<DataValues>
	<Record>
		<status>Denied</status>
		<object>Code</object>
		<configuration_code>4hhklklk</configuration_code>
		<priority>High</priority>
		<type>Bug</type>
		<severity>High</severity>
		<title>h</title>
	</Record>
	<Record>
		<status>Denied</status>
		<object>Code</object>
		<configuration_code>4hhklklkk</configuration_code>
		<priority>High</priority>
		<type>Bug</type>
		<severity>Very Low</severity>
		<title>h</title>
	</Record>
	<Record>
		<status>Denied</status>
		<object>Code</object>
		<configuration_code>4hhklklkkk</configuration_code>
		<priority>High</priority>
		<type>Bug</type>
		<severity>Very Hign</severity>
		<title>h</title>
	</Record>
	<Record>
		<status>Fixed</status>
		<object>Code</object>
		<configuration_code>7</configuration_code>
		<priority>High</priority>
		<type>Bug</type>
		<severity>Low</severity>
		<title>jkjk</title>
	</Record>
	<Record>
		<status>Fixed</status>
		<object>Code</object>
		<configuration_code>7k</configuration_code>
		<priority>High</priority>
		<type>Bug</type>
		<severity>Low</severity>
		<title>jkjk</title>
	</Record>
	<Record>
		<status>Fixed</status>
		<object>Code</object>
		<configuration_code>7kk</configuration_code>
		<priority>High</priority>
		<type>Bug</type>
		<severity>Low</severity>
		<title>jkjk</title>
	</Record>
	<Record>
		<status>Fixed</status>
		<object>Code</object>
		<configuration_code>7kkk</configuration_code>
		<priority>High</priority>
		<type>Bug</type>
		<severity>Low</severity>
		<title>jkjk</title>
	</Record>
	<Record>
		<status>Fixed</status>
		<object>Code</object>
		<configuration_code>7kkkk</configuration_code>
		<priority>High</priority>
		<type>Bug</type>
		<severity>Very Hign</severity>
		<title>jkjk</title>
	</Record>
	<Record>
		<status>Fixed</status>
		<object>Code</object>
		<configuration_code>7kkkkk</configuration_code>
		<priority>High</priority>
		<type>Bug</type>
		<severity>Very Hign</severity>
		<title>jkjk</title>
	</Record>
	<Record>
		<status>Fixed</status>
		<object>Code</object>
		<configuration_code>7kkkkkk</configuration_code>
		<priority>High</priority>
		<type>Bug</type>
		<severity>Very Hign</severity>
		<title>jkjk</title>
	</Record>
	<Record>
		<status>Fixed</status>
		<object>Code</object>
		<configuration_code>7kkkkkkk</configuration_code>
		<priority>High</priority>
		<type>Bug</type>
		<severity>Very Hign</severity>
		<title>jkjk</title>
	</Record>
	<Record>
		<status>Commit</status>
		<object>Code</object>
		<configuration_code>777</configuration_code>
		<priority>Medium</priority>
		<type>Enhancement</type>
		<severity>Very Hign</severity>
		<title>jkjk</title>
	</Record>
	<Record>
		<status>Commit</status>
		<object>Code</object>
		<configuration_code>777h</configuration_code>
		<priority>Medium</priority>
		<type>Enhancement</type>
		<severity>Very Hign</severity>
		<title>jkjk</title>
	</Record>
	<Record>
		<status>Fixed</status>
		<object>Code</object>
		<configuration_code>777hh</configuration_code>
		<priority>Medium</priority>
		<type>Enhancement</type>
		<severity>Very Hign</severity>
		<title>jkjk</title>
	</Record>
	<Record>
		<status>Fixed</status>
		<object>Code</object>
		<configuration_code>5hhhhh</configuration_code>
		<priority>Medium</priority>
		<type>Enhancement</type>
		<severity>Medium</severity>
		<title>h</title>
	</Record>
	<Record>
		<status>Fixed</status>
		<object>Code</object>
		<configuration_code>5hhhhhhhhhh</configuration_code>
		<priority>High</priority>
		<type>Enhancement</type>
		<severity>High</severity>
		<title>h</title>
	</Record>
	<Record>
		<status>Fixed</status>
		<object>Code</object>
		<configuration_code>5hhhhhhhhhhh</configuration_code>
		<priority>High</priority>
		<type>Enhancement</type>
		<severity>High</severity>
		<title>h</title>
	</Record>
	<Record>
		<status>Fixed</status>
		<object>Code</object>
		<configuration_code>5hhhhhhhhhhhh</configuration_code>
		<priority>High</priority>
		<type>Bug</type>
		<severity>High</severity>
		<title>h</title>
	</Record>
	<Record>
		<status>Fixed</status>
		<object>Code</object>
		<configuration_code>4</configuration_code>
		<priority>High</priority>
		<type>Bug</type>
		<severity>High</severity>
		<title>h</title>
	</Record>
	<Record>
		<status>Fixed</status>
		<object>Code</object>
		<configuration_code>4h</configuration_code>
		<priority>High</priority>
		<type>Bug</type>
		<severity>High</severity>
		<title>h</title>
	</Record>
	<Record>
		<status>Commit</status>
		<object>Code</object>
		<configuration_code>4hh</configuration_code>
		<priority>High</priority>
		<type>Bug</type>
		<severity>High</severity>
		<title>h</title>
	</Record>
	<Record>
		<status>Commit</status>
		<object>Code</object>
		<configuration_code>4hhh</configuration_code>
		<priority>High</priority>
		<type>Bug</type>
		<severity>High</severity>
		<title>h</title>
	</Record>
	<Record>
		<status>Commit</status>
		<object>Code</object>
		<configuration_code>4hhhh</configuration_code>
		<priority>High</priority>
		<type>Bug</type>
		<severity>Very Hign</severity>
		<title>h</title>
	</Record>
	<Record>
		<status>Commit</status>
		<object>Code</object>
		<configuration_code>4hhhhh</configuration_code>
		<priority>High</priority>
		<type>Bug</type>
		<severity>Very Hign</severity>
		<title>h</title>
	</Record>
	<Record>
		<status>Commit</status>
		<object>Code</object>
		<configuration_code>4hhhhhh</configuration_code>
		<priority>High</priority>
		<type>Bug</type>
		<severity>Very Hign</severity>
		<title>h</title>
	</Record>
	<Record>
		<status>Commit</status>
		<object>Code</object>
		<configuration_code>4hhhhhhh</configuration_code>
		<priority>High</priority>
		<type>User Feedback</type>
		<severity>Very Hign</severity>
		<title>h</title>
	</Record>
	<Record>
		<status>Commit</status>
		<object>Code</object>
		<configuration_code>4hhhhhhhh</configuration_code>
		<priority>High</priority>
		<type>User Feedback</type>
		<severity>Low</severity>
		<title>h</title>
	</Record>
	<Record>
		<status>Commit</status>
		<object>Code</object>
		<configuration_code>4hhhhhhhhh</configuration_code>
		<priority>High</priority>
		<type>User Feedback</type>
		<severity>Low</severity>
		<title>h</title>
	</Record>
	<Record>
		<status>Commit</status>
		<object>Code</object>
		<configuration_code>4hhhhhhhhhh</configuration_code>
		<priority>High</priority>
		<type>User Feedback</type>
		<severity>Very Low</severity>
		<title>h</title>
	</Record>
	<Record>
		<status>Commit</status>
		<object>Code</object>
		<configuration_code>4hhhhhhhhhhh</configuration_code>
		<priority>High</priority>
		<type>User Feedback</type>
		<severity>Very Low</severity>
		<title>h</title>
	</Record>
	<Record>
		<status>Commit</status>
		<object>Design</object>
		<configuration_Design>4hhhhhhhhhhhh</configuration_Design>
		<priority>High</priority>
		<type>User Feedback</type>
		<severity>Very Low</severity>
		<title>h</title>
	</Record>
	<Record>
		<status>Defer</status>
		<object>Design</object>
		<configuration_Design>4hhu</configuration_Design>
		<priority>High</priority>
		<type>User Feedback</type>
		<severity>High</severity>
		<title>h</title>
	</Record>
	<Record>
		<status>Defer</status>
		<object>Design</object>
		<configuration_Design>4hhuj</configuration_Design>
		<priority>High</priority>
		<type>User Feedback</type>
		<severity>High</severity>
		<title>h</title>
	</Record>
	<Record>
		<status>Defer</status>
		<object>Design</object>
		<configuration_Design>4hhujj</configuration_Design>
		<priority>High</priority>
		<type>Bug</type>
		<severity>Very Hign</severity>
		<title>h</title>
	</Record>
	<Record>
		<status>Defer</status>
		<object>Design</object>
		<configuration_Design>4hhujjj</configuration_Design>
		<priority>High</priority>
		<type>Bug</type>
		<severity>Low</severity>
		<title>h</title>
	</Record>
	<Record>
		<status>Denied</status>
		<object>Design</object>
		<configuration_Design>4hhkl</configuration_Design>
		<priority>High</priority>
		<type>Bug</type>
		<severity>Low</severity>
		<title>h</title>
	</Record>
	<Record>
		<status>Denied</status>
		<object>Code</object>
		<configuration_code>4hhklkl</configuration_code>
		<priority>High</priority>
		<type>Bug</type>
		<severity>Very Low</severity>
		<title>h</title>
	</Record>
	<Record>
		<status>Fixed</status>
		<object>Code</object>
		<configuration_code>7kkkkkkkk</configuration_code>
		<priority>High</priority>
		<type>Bug</type>
		<severity>High</severity>
		<title>jkjk</title>
	</Record>
	<Record>
		<status>Fixed</status>
		<object>Code</object>
		<configuration_code>7kkkkkkkkk</configuration_code>
		<priority>High</priority>
		<type>Not Implemented</type>
		<severity>High</severity>
		<title>jkjk</title>
	</Record>
	<Record>
		<status>Fixed</status>
		<object>Code</object>
		<configuration_code>7kkkkkkkkkk</configuration_code>
		<priority>High</priority>
		<type>Not Implemented</type>
		<severity>High</severity>
		<title>jkjk</title>
	</Record>
	<Record>
		<status>Fixed</status>
		<object>Code</object>
		<configuration_code>7kkkkkkkkkkk</configuration_code>
		<priority>High</priority>
		<type>Not Implemented</type>
		<severity>High</severity>
		<title>jkjk</title>
	</Record>
	<Record>
		<status>Fixed</status>
		<object>Code</object>
		<configuration_code>7kkkkkkkkkkkk</configuration_code>
		<priority>High</priority>
		<type>Not Implemented</type>
		<severity>High</severity>
		<title>jkjk</title>
	</Record>
	<Record>
		<status>Fixed</status>
		<object>Code</object>
		<configuration_code>7kkkkkkkkkkkkk</configuration_code>
		<priority>High</priority>
		<type>Not Implemented</type>
		<severity>High</severity>
		<title>jkjk</title>
	</Record>
	<Record>
		<status>Fixed</status>
		<object>Code</object>
		<configuration_code>77j</configuration_code>
		<priority>High</priority>
		<type>Not Implemented</type>
		<severity>Low</severity>
		<title>jkjk</title>
	</Record>
	<Record>
		<status>Fixed</status>
		<object>Code</object>
		<configuration_code>77jj</configuration_code>
		<priority>Low</priority>
		<type>Not Implemented</type>
		<severity>Low</severity>
		<title>jkjk</title>
	</Record>
	<Record>
		<status>Fixed</status>
		<object>Data</object>
		<configuration_Data>77jjj</configuration_Data>
		<priority>Low</priority>
		<type>Not Implemented</type>
		<severity>Low</severity>
		<title>jkjk</title>
	</Record>
	<Record>
		<status>Fixed</status>
		<object>Data</object>
		<configuration_Data>77jjjj</configuration_Data>
		<priority>Low</priority>
		<type>Not Implemented</type>
		<severity>Low</severity>
		<title>jkjk</title>
	</Record>
	<Record>
		<status>Fixed</status>
		<object>Code</object>
		<configuration_code>77jjjjj</configuration_code>
		<priority>Low</priority>
		<type>Not Implemented</type>
		<severity>Low</severity>
		<title>jkjk</title>
	</Record>
	<Record>
		<status>Fixed</status>
		<object>Design</object>
		<configuration_Design>77jjjjjj</configuration_Design>
		<priority>Low</priority>
		<type>Bug</type>
		<severity>Low</severity>
		<title>jkjk</title>
	</Record>
	<Record>
		<status>Fixed</status>
		<object>Design</object>
		<configuration_Design>77jjjjjjj</configuration_Design>
		<priority>Low</priority>
		<type>Bug</type>
		<severity>Low</severity>
		<title>jkjk</title>
	</Record>
	<Record>
		<status>Fixed</status>
		<object>Design</object>
		<configuration_Design>77jjjjjjjj</configuration_Design>
		<priority>Low</priority>
		<type>Bug</type>
		<severity>Low</severity>
		<title>jkjk</title>
	</Record>
	<Record>
		<status>Fixed</status>
		<object>Design</object>
		<configuration_Design>77jjjjjjjjj</configuration_Design>
		<priority>Low</priority>
		<type>Bug</type>
		<severity>Low</severity>
		<title>jkjk</title>
	</Record>
	<Record>
		<status>Fixed</status>
		<object>Design</object>
		<configuration_Design>77jjjjjjjjjj</configuration_Design>
		<priority>Low</priority>
		<type>Bug</type>
		<severity>Very Low</severity>
		<title>jkjk</title>
	</Record>
	<Record>
		<status>Fixed</status>
		<object>Design</object>
		<configuration_Design>77jjjjjjjjjjj</configuration_Design>
		<priority>Low</priority>
		<type>Bug</type>
		<severity>Very Low</severity>
		<title>jkjk</title>
	</Record>
	<Record>
		<status>Reviewed</status>
		<object>Design</object>
		<configuration_Design>6</configuration_Design>
		<priority>Low</priority>
		<type>Bug</type>
		<severity>Very Hign</severity>
		<title>jkjk</title>
	</Record>
	<Record>
		<status>Reviewed</status>
		<object>Code</object>
		<configuration_code>6h</configuration_code>
		<priority>Low</priority>
		<type>Bug</type>
		<severity>Very Hign</severity>
		<title>jkjk</title>
	</Record>
	<Record>
		<status>Reviewed</status>
		<object>Code</object>
		<configuration_code>6hh</configuration_code>
		<priority>Low</priority>
		<type>Bug</type>
		<severity>High</severity>
		<title>jkjk</title>
	</Record>
	<Record>
		<status>Reviewed</status>
		<object>Code</object>
		<configuration_Requirement>6hhh</configuration_Requirement>
		<priority>Low</priority>
		<type>Bug</type>
		<severity>Low</severity>
		<title>jkjk</title>
	</Record>
	<Record>
		<status>Reviewed</status>
		<object>Requirement</object>
		<configuration_Requirement>6hhhh</configuration_Requirement>
		<priority>Low</priority>
		<type>Bug</type>
		<severity>Low</severity>
		<title>jkjk</title>
	</Record>
	<Record>
		<status>Reviewed</status>
		<object>Requirement</object>
		<configuration_Requirement>6hhhhh</configuration_Requirement>
		<priority>Low</priority>
		<type>Bug</type>
		<severity>Low</severity>
		<title>jkjk</title>
	</Record>
	<Record>
		<status>Tested</status>
		<object>Requirement</object>
		<configuration_Requirement>PR-jkjllllllllllll</configuration_Requirement>
		<priority>Low</priority>
		<type>Bug</type>
		<severity>Low</severity>
		<title>jkjk</title>
	</Record>
	<Record>
		<status>Tested</status>
		<object>Requirement</object>
		<configuration_Requirement>PR-jkjlllllllllllll</configuration_Requirement>
		<priority>Low</priority>
		<type>Bug</type>
		<severity>Low</severity>
		<title>jkjk</title>
	</Record>
	<Record>
		<status>Reviewed</status>
		<object>Requirement</object>
		<configuration_Requirement>6hhhhhh</configuration_Requirement>
		<priority>Low</priority>
		<type>Bug</type>
		<severity>Very Low</severity>
		<title>jkjk</title>
	</Record>
	<Record>
		<status>Reviewed</status>
		<object>Requirement</object>
		<configuration_Requirement>6hhhhhhh</configuration_Requirement>
		<priority>Low</priority>
		<type>Bug</type>
		<severity>Very Low</severity>
		<title>jkjk</title>
	</Record>
	<Record>
		<status>Tested</status>
		<object>Code</object>
		<configuration_code>PR-</configuration_code>
		<priority>Low</priority>
		<type>Bug</type>
		<severity>Low</severity>
		<title>gh</title>
	</Record>
	<Record>
		<status>Tested</status>
		<object>Code</object>
		<configuration_code>PR-g</configuration_code>
		<priority>Low</priority>
		<type>Bug</type>
		<severity>Low</severity>
		<title>gh</title>
	</Record>
	<Record>
		<status>Tested</status>
		<object>Code</object>
		<configuration_code>PR-jkj</configuration_code>
		<priority>Low</priority>
		<type>Bug</type>
		<severity>Low</severity>
		<title>jkjk</title>
	</Record>
	<Record>
		<status>Tested</status>
		<object>Code</object>
		<configuration_code>PR-jkjll</configuration_code>
		<priority>Low</priority>
		<type>Bug</type>
		<severity>Low</severity>
		<title>jkjk</title>
	</Record>
	<Record>
		<status>Tested</status>
		<object>Code</object>
		<configuration_code>PR-jkjlll</configuration_code>
		<priority>Low</priority>
		<type>Bug</type>
		<severity>Very Low</severity>
		<title>jkjk</title>
	</Record>
	<Record>
		<status>Tested</status>
		<object>Code</object>
		<configuration_code>PR-jkjllll</configuration_code>
		<priority>Low</priority>
		<type>Bug</type>
		<severity>Very Hign</severity>
		<title>jkjk</title>
	</Record>
	<Record>
		<status>Tested</status>
		<object>Code</object>
		<configuration_code>PR-jkjlllll</configuration_code>
		<priority>Very Low</priority>
		<type>Bug</type>
		<severity>Very Hign</severity>
		<title>jkjk</title>
	</Record>
	<Record>
		<status>Tested</status>
		<object>Code</object>
		<configuration_code>PR-jkjllllll</configuration_code>
		<priority>Very Low</priority>
		<type>Bug</type>
		<severity>High</severity>
		<title>jkjk</title>
	</Record>
	<Record>
		<status>Tested</status>
		<object>Code</object>
		<configuration_code>PR-jkjlllllll</configuration_code>
		<priority>Very Low</priority>
		<type>Bug</type>
		<severity>High</severity>
		<title>jkjk</title>
	</Record>
	<Record>
		<status>Tested</status>
		<object>Code</object>
		<configuration_code>PR-jkjllllllll</configuration_code>
		<priority>Very Low</priority>
		<type>Bug</type>
		<severity>High</severity>
		<title>jkjk</title>
	</Record>
	<Record>
		<status>Tested</status>
		<object>Code</object>
		<configuration_code>PR-jkjlllllllll</configuration_code>
		<priority>Very Low</priority>
		<type>Bug</type>
		<severity>Very Low</severity>
		<title>jkjk</title>
	</Record>
	<Record>
		<status>Tested</status>
		<object>Code</object>
		<configuration_code>PR-jkjllllllllll</configuration_code>
		<priority>Very Low</priority>
		<type>Bug</type>
		<severity>Very Low</severity>
		<title>jkjk</title>
	</Record>
	<Record>
		<status>Tested</status>
		<object>Code</object>
		<configuration_code>PR-jkjlllllllllll</configuration_code>
		<priority>Low</priority>
		<type>Bug</type>
		<severity>Low</severity>
		<title>jkjk</title>
	</Record>
</DataValues>
