<?xml version="1.0" encoding="UTF-8"?>
<DataValues>
	<Record>
		<default_interface_theme>theme_default</default_interface_theme>
		<default_upload_total>100000</default_upload_total>
		<default_page_size>20</default_page_size>
		<data_audit_types>Config:-:Add:-:Insert:-:Copy:-:Remove:-:Modify:-:Batch Modify:-:Login</data_audit_types>
		<default_upload_size>1000</default_upload_size>
		<default_interface_style>style_default</default_interface_style>
		<default_user>guest</default_user>
		<id>init</id>
	</Record>
</DataValues>
